time,open,high,low,close,tick_volume,spread,real_volume
2026-08-08 06:00:00+00:00,64909.44,65063.77,64903.9,65023.07,2215,1694,0
2026-08-08 07:00:00+00:00,65025.0,65060.6,64958.46,64998.44,2238,1694,0
2026-08-08 08:00:00+00:00,65001.81,65012.11,64966.28,64987.56,1964,1694,0
2026-08-08 09:00:00+00:00,64987.53,65007.68,64950.12,64998.08,1865,1694,0
2026-08-08 10:00:00+00:00,64996.79,64998.56,64937.66,64951.08,1849,1694,0
2026-08-08 11:00:00+00:00,64951.78,65006.9,64935.86,64981.56,1885,1694,0
2026-08-08 12:00:00+00:00,64982.17,65043.96,64979.85,64980.73,1975,1694,0
2026-08-08 13:00:00+00:00,64981.84,65014.12,64980.05,64999.96,1984,1694,0
2026-08-08 14:00:00+00:00,64998.78,65014.37,64947.78,64951.41,1872,1694,0
2026-08-08 15:00:00+00:00,64949.53,65046.42,64913.79,64997.27,2240,1694,0
2026-08-08 16:00:00+00:00,64995.03,65011.98,64986.96,65004.87,1996,1694,0
2026-08-08 17:00:00+00:00,65003.73,65179.74,65003.65,65120.4,2466,1694,0
2026-08-08 18:00:00+00:00,65117.52,65143.47,65046.8,65071.6,2079,1694,0
2026-08-08 19:00:00+00:00,65069.71,65108.07,65027.69,65076.43,2095,1694,0
2026-08-08 20:00:00+00:00,65073.15,65141.69,65065.32,65109.75,2127,1694,0
2026-08-08 21:00:00+00:00,65109.68,65114.22,65015.24,65034.76,2282,1694,0
2026-08-08 22:00:00+00:00,65035.56,65076.93,65006.5,65066.43,2202,1694,0
2026-08-08 23:00:00+00:00,65064.73,65084.87,65048.84,65070.36,1980,1694,0
2026-08-09 00:00:00+00:00,65069.06,65072.74,64987.67,65007.49,2307,1694,0
2026-08-09 01:00:00+00:00,65007.97,65031.98,64936.43,64936.98,2221,1694,0
2026-08-09 02:00:00+00:00,64936.97,64968.02,64928.3,64949.47,2171,1694,0
2026-08-09 03:00:00+00:00,64949.68,64982.49,64947.72,64967.04,1992,1694,0
2026-08-09 04:00:00+00:00,64967.74,64997.71,64840.06,64856.89,1868,1694,0
2026-08-09 05:00:00+00:00,64856.94,64858.28,64767.69,64813.2,2316,1694,0
2026-08-09 06:00:00+00:00,64812.98,64812.98,64719.05,64780.28,1955,1694,0
2026-08-09 07:00:00+00:00,64779.76,64822.85,64776.36,64778.17,1923,1694,0
2026-08-09 08:00:00+00:00,64777.55,64793.7,64763.49,64791.9,2003,1694,0
2026-08-09 09:00:00+00:00,64792.05,64857.95,64790.73,64838.93,2061,1694,0
2026-08-09 10:00:00+00:00,64838.88,64860.95,64816.29,64817.19,2050,1694,0
2026-08-09 11:00:00+00:00,64823.93,64931.95,64779.23,64811.36,2280,1694,0
2026-08-09 12:00:00+00:00,64810.84,64870.3,64798.14,64868.78,1853,1694,0
2026-08-09 13:00:00+00:00,64870.31,64970.83,64868.79,64947.81,2166,1694,0
2026-08-09 14:00:00+00:00,64949.99,64991.73,64937.1,64940.82,2046,1694,0
2026-08-09 15:00:00+00:00,64940.56,64949.42,64906.65,64947.17,1871,1694,0
2026-08-09 16:00:00+00:00,64944.78,65257.0,64944.78,65211.38,2467,1694,0
2026-08-09 17:00:00+00:00,65212.26,65294.88,65141.84,65255.62,2430,1694,0
2026-08-09 18:00:00+00:00,65256.86,65261.17,65201.69,65222.56,2160,1694,0
2026-08-09 19:00:00+00:00,65222.24,65255.61,65171.98,65224.42,2144,1694,0
2026-08-09 20:00:00+00:00,65224.38,65229.71,65188.47,65190.2,1887,1694,0
2026-08-09 21:00:00+00:00,65190.38,65214.58,65181.13,65188.74,1817,1694,0
2026-08-09 22:00:00+00:00,65188.78,65203.23,65168.06,65173.37,2187,1694,0
2026-08-09 23:00:00+00:00,65172.45,65177.59,65065.78,65129.93,2609,1694,0
2026-08-10 00:00:00+00:00,65130.11,65241.43,65112.17,65190.12,2913,1694,0
2026-08-10 01:00:00+00:00,65188.59,65478.68,64964.72,65067.53,4154,1694,0
2026-08-10 02:00:00+00:00,65067.17,65100.48,64831.25,64892.06,3686,1694,0
2026-08-10 03:00:00+00:00,64891.59,65315.35,64815.79,64961.37,5527,1694,0
2026-08-10 04:00:00+00:00,64961.23,65381.85,64886.03,65187.12,5082,1694,0
2026-08-10 05:00:00+00:00,65187.18,65213.74,64895.04,65093.02,4171,1694,0
2026-08-10 06:00:00+00:00,65092.04,65163.33,64898.56,64972.71,3904,1694,0
2026-08-10 07:00:00+00:00,64971.7,65095.8,64913.57,64998.08,3348,1694,0
2026-08-10 08:00:00+00:00,64998.1,65152.39,64970.99,65128.7,3118,1694,0
2026-08-10 09:00:00+00:00,65129.64,65330.26,65119.87,65291.17,3900,1694,0
2026-08-10 10:00:00+00:00,65291.24,65362.86,65189.0,65197.04,3224,1694,0
2026-08-10 11:00:00+00:00,65197.09,65320.56,65181.9,65238.66,2970,1694,0
2026-08-10 12:00:00+00:00,65238.69,65238.69,64947.34,64960.61,3079,1694,0
2026-08-10 13:00:00+00:00,64964.08,65066.21,64960.41,65005.68,2609,1694,0
2026-08-10 14:00:00+00:00,65005.65,65125.63,64971.25,65118.05,2753,1694,0
2026-08-10 15:00:00+00:00,65118.87,65231.96,64840.99,64861.6,3887,1694,0
2026-08-10 16:00:00+00:00,64861.55,64964.38,64507.83,64551.28,6614,1694,0
2026-08-10 17:00:00+00:00,64552.31,64875.29,64529.36,64616.31,7111,1694,0
2026-08-10 18:00:00+00:00,64615.5,64704.61,64193.58,64286.42,7506,1694,0
2026-08-10 19:00:00+00:00,64284.06,64344.33,63820.21,63894.62,6463,1694,0
2026-08-10 20:00:00+00:00,63895.42,64015.01,63820.23,63940.97,4903,1694,0
2026-08-10 21:00:00+00:00,63941.38,64014.06,63803.22,63880.66,4263,1694,0
2026-08-10 22:00:00+00:00,63879.84,64095.98,63876.0,64039.43,3958,1694,0
2026-08-10 23:00:00+00:00,64036.87,64195.6,64012.29,64152.17,3524,1694,0
2026-08-11 00:00:00+00:00,64152.16,64153.23,63974.37,63977.48,4354,1694,0
2026-08-11 01:00:00+00:00,63977.55,64051.83,63930.73,64008.27,3095,1694,0
2026-08-11 02:00:00+00:00,64008.53,64012.91,63911.69,63963.96,2344,1694,0
2026-08-11 03:00:00+00:00,63963.76,64052.0,63886.33,64033.39,3403,1694,0
2026-08-11 04:00:00+00:00,64033.39,64071.44,63947.76,64050.41,3044,1694,0
2026-08-11 05:00:00+00:00,64049.95,64078.84,64022.69,64034.4,2317,1694,0
2026-08-11 06:00:00+00:00,64036.95,64173.07,64034.74,64136.8,2433,1694,0
2026-08-11 07:00:00+00:00,64142.54,64149.58,64015.3,64015.3,2536,1694,0
2026-08-11 08:00:00+00:00,64015.89,64045.45,63948.23,63988.39,2139,1694,0
2026-08-11 09:00:00+00:00,63987.19,64043.66,63846.9,63962.19,2514,1694,0
2026-08-11 10:00:00+00:00,63961.81,64105.52,63901.64,64058.77,2781,1694,0
2026-08-11 11:00:00+00:00,64059.62,64145.41,64036.59,64127.47,2367,1694,0
2026-08-11 12:00:00+00:00,64128.28,64297.25,64115.99,64295.68,2444,1694,0
2026-08-11 13:00:00+00:00,64296.09,64305.32,64191.44,64214.93,2639,1694,0
2026-08-11 14:00:00+00:00,64223.68,64400.75,64215.83,64379.43,2834,1694,0
2026-08-11 15:00:00+00:00,64381.16,64486.98,64284.84,64319.94,3147,1694,0
2026-08-11 16:00:00+00:00,64319.49,64363.01,64041.87,64192.22,6288,1694,0
2026-08-11 17:00:00+00:00,64192.12,64255.73,63705.38,63761.06,7203,1694,0
2026-08-11 18:00:00+00:00,63761.73,63859.67,63438.1,63597.48,8432,1694,0
2026-08-11 19:00:00+00:00,63597.44,63650.03,63447.89,63500.94,5329,1694,0
2026-08-11 20:00:00+00:00,63500.93,63626.0,63450.59,63595.91,3923,1694,0
2026-08-11 21:00:00+00:00,63599.09,63617.73,63240.08,63364.13,3886,1694,0
2026-08-11 22:00:00+00:00,63364.59,63530.66,63225.64,63527.67,3833,1694,0
2026-08-11 23:00:00+00:00,63527.28,63743.74,63527.26,63733.28,4403,1694,0
2026-08-12 00:00:00+00:00,63734.43,63760.97,63609.8,63661.98,3749,1694,0
2026-08-12 01:00:00+00:00,63660.91,63760.61,63615.69,63657.71,3361,1694,0
2026-08-12 02:00:00+00:00,63656.87,63658.64,63538.88,63585.44,2613,1694,0
2026-08-12 03:00:00+00:00,63583.99,63736.83,63526.52,63734.84,3320,1694,0
2026-08-12 04:00:00+00:00,63733.2,63850.63,63682.75,63813.9,3180,1694,0
2026-08-12 05:00:00+00:00,63812.54,63900.45,63722.49,63741.43,3467,1694,0
2026-08-12 06:00:00+00:00,63743.91,63837.94,63701.6,63824.8,2986,1694,0
2026-08-12 07:00:00+00:00,63824.77,63884.03,63726.85,63766.27,2851,1694,0
2026-08-12 08:00:00+00:00,63766.35,63863.96,63719.13,63843.31,2502,1694,0
2026-08-12 09:00:00+00:00,63841.24,63841.24,63596.39,63704.87,3078,1694,0
2026-08-12 10:00:00+00:00,63705.35,63829.46,63629.72,63824.05,2518,1694,0
2026-08-12 11:00:00+00:00,63824.09,63856.42,63762.3,63786.93,2863,1694,0
2026-08-12 12:00:00+00:00,63786.88,64098.45,63754.27,64096.49,3840,1694,0
2026-08-12 13:00:00+00:00,64096.71,64209.23,64054.28,64130.75,3494,1694,0
2026-08-12 14:00:00+00:00,64129.21,64241.4,64101.57,64231.44,3023,1694,0
2026-08-12 15:00:00+00:00,64231.05,64467.78,63967.29,64112.98,7137,1694,0
2026-08-12 16:00:00+00:00,64112.99,64150.9,63828.69,63829.76,8868,1694,0
2026-08-12 17:00:00+00:00,63829.03,63918.27,63353.84,63358.16,9932,1694,0
2026-08-12 18:00:00+00:00,63358.17,63563.48,63307.99,63435.67,7654,1694,0
2026-08-12 19:00:00+00:00,63435.67,63571.39,63357.72,63483.02,5185,1694,0
2026-08-12 20:00:00+00:00,63482.82,63547.35,63406.51,63464.8,3873,1694,0
2026-08-12 21:00:00+00:00,63464.79,63515.65,63364.95,63375.86,3087,1694,0
2026-08-12 22:00:00+00:00,63374.91,63453.94,63302.11,63414.54,3486,1694,0
2026-08-12 23:00:00+00:00,63413.84,63591.82,63412.16,63591.48,3326,1694,0
2026-08-13 00:00:00+00:00,63591.88,63648.33,63416.01,63462.71,4019,1694,0
2026-08-13 01:00:00+00:00,63462.74,63528.69,63358.68,63423.25,4015,1694,0
2026-08-13 02:00:00+00:00,63424.98,63479.54,63368.44,63475.28,3296,1694,0
2026-08-13 03:00:00+00:00,63475.24,63705.82,63453.0,63550.06,3823,1694,0
2026-08-13 04:00:00+00:00,63549.68,63624.68,63370.0,63447.66,3624,1694,0
2026-08-13 05:00:00+00:00,63446.86,63573.72,63366.22,63540.99,3262,1694,0
2026-08-13 06:00:00+00:00,63540.98,63681.5,63497.94,63639.6,2920,1694,0
2026-08-13 07:00:00+00:00,63640.21,63767.85,63583.01,63686.03,2804,1694,0
2026-08-13 08:00:00+00:00,63685.62,64003.67,63661.97,63864.38,3548,1694,0
2026-08-13 09:00:00+00:00,63866.48,63931.91,63749.71,63931.91,3044,1694,0
2026-08-13 10:00:00+00:00,63932.33,63937.98,63845.57,63857.79,2442,1694,0
2026-08-13 11:00:00+00:00,63857.84,63905.2,63732.0,63761.62,2460,1694,0
2026-08-13 12:00:00+00:00,63759.02,63778.42,63575.08,63771.95,2772,1694,0
2026-08-13 13:00:00+00:00,63771.1,63812.18,63573.14,63645.25,2575,1694,0
2026-08-13 14:00:00+00:00,63643.59,63655.37,63340.18,63473.21,2928,1694,0
2026-08-13 15:00:00+00:00,63473.21,63706.57,63434.03,63690.88,3497,1694,0
2026-08-13 16:00:00+00:00,63691.52,63844.63,63554.81,63716.41,6052,1694,0
2026-08-13 17:00:00+00:00,63716.46,63995.46,63674.41,63855.33,5795,1694,0
2026-08-13 18:00:00+00:00,63854.99,63935.57,63408.15,63408.15,5372,1694,0
2026-08-13 19:00:00+00:00,63409.03,63562.8,62837.82,63152.6,8290,1694,0
2026-08-13 20:00:00+00:00,63153.29,63289.71,63065.91,63137.26,5664,1694,0
2026-08-13 21:00:00+00:00,63136.98,63360.7,63103.99,63300.07,3878,1694,0
2026-08-13 22:00:00+00:00,63300.63,63505.71,63300.63,63401.91,4338,1694,0
2026-08-13 23:00:00+00:00,63401.35,63465.69,63358.45,63403.92,2884,1694,0
2026-08-14 00:00:00+00:00,63402.7,63495.35,63381.21,63463.75,2947,1694,0
2026-08-14 01:00:00+00:00,63464.96,63633.7,63464.96,63519.61,3165,1694,0
2026-08-14 02:00:00+00:00,63519.58,63529.53,63386.15,63477.52,2790,1694,0
2026-08-14 03:00:00+00:00,63478.65,63548.68,63400.31,63533.61,3518,1694,0
2026-08-14 04:00:00+00:00,63533.64,63579.12,63450.07,63563.88,3621,1694,0
2026-08-14 05:00:00+00:00,63564.66,63610.99,63457.42,63457.42,3015,1694,0
2026-08-14 06:00:00+00:00,63457.4,63571.41,63294.1,63304.2,2891,1694,0
2026-08-14 07:00:00+00:00,63302.86,63466.3,63264.72,63364.78,2483,1694,0
2026-08-14 08:00:00+00:00,63365.4,63393.23,63278.31,63374.37,2469,1694,0
2026-08-14 09:00:00+00:00,63374.24,63374.24,62932.01,62965.56,3130,1694,0
2026-08-14 10:00:00+00:00,62965.58,63104.35,62910.36,62910.89,3171,1694,0
2026-08-14 11:00:00+00:00,62909.99,62987.04,62682.62,62928.16,4455,1694,0
2026-08-14 12:00:00+00:00,62928.19,62931.47,62729.24,62780.97,3024,1694,0
2026-08-14 13:00:00+00:00,62780.79,62937.11,62729.22,62808.51,2846,1694,0
2026-08-14 14:00:00+00:00,62807.72,62927.78,62799.35,62857.13,3000,1694,0
2026-08-14 15:00:00+00:00,62857.12,62905.94,62713.33,62729.52,3407,1694,0
2026-08-14 16:00:00+00:00,62729.37,62814.13,62588.95,62654.15,7038,1694,0
2026-08-14 17:00:00+00:00,62654.12,62788.83,62526.73,62607.32,6711,1694,0
2026-08-14 18:00:00+00:00,62606.4,63078.05,62601.26,62978.33,5633,1694,0
2026-08-14 19:00:00+00:00,62979.8,63209.23,62957.42,63125.28,4479,1694,0
2026-08-14 20:00:00+00:00,63125.32,63238.3,62989.55,63003.59,4077,1694,0
2026-08-14 21:00:00+00:00,63005.51,63075.91,62880.05,62919.17,3928,1694,0
2026-08-14 22:00:00+00:00,62920.2,62988.48,62816.8,62960.08,3776,1694,0
2026-08-14 23:00:00+00:00,62959.48,63014.55,62887.52,62898.38,2745,1694,0
2026-08-15 00:00:00+00:00,62897.9,62929.36,62864.23,62919.57,2336,1694,0
2026-08-15 01:00:00+00:00,62919.77,62951.3,62788.32,62875.85,2396,1694,0
2026-08-15 02:00:00+00:00,62876.16,63057.07,62853.46,63032.47,2669,1694,0
2026-08-15 03:00:00+00:00,63032.52,63051.21,62984.7,63006.73,2301,1694,0
2026-08-15 04:00:00+00:00,63006.18,63035.56,62976.42,63029.47,2059,1694,0
2026-08-15 05:00:00+00:00,63026.81,63128.54,63024.47,63127.5,2280,1694,0
2026-08-15 06:00:00+00:00,63127.55,63178.75,63034.34,63041.29,2277,1694,0
2026-08-15 07:00:00+00:00,63041.81,63142.35,63041.81,63111.21,1901,1694,0
2026-08-15 08:00:00+00:00,63111.34,63146.5,63028.48,63072.56,1984,1694,0
2026-08-15 09:00:00+00:00,63076.09,63124.73,63021.09,63104.47,2073,1694,0
2026-08-15 10:00:00+00:00,63104.45,63121.94,63032.5,63066.78,2090,1694,0
2026-08-15 11:00:00+00:00,63067.2,63078.58,62916.4,62924.69,2007,1694,0
2026-08-15 12:00:00+00:00,62926.07,63037.88,62907.05,63019.82,2207,1694,0
2026-08-15 13:00:00+00:00,63019.83,63042.18,62990.49,63033.5,1964,1694,0
2026-08-15 14:00:00+00:00,63033.43,63048.24,62978.73,63007.7,2080,1694,0
2026-08-15 15:00:00+00:00,63005.52,63046.03,62936.39,63042.69,2113,1694,0
2026-08-15 16:00:00+00:00,63043.66,63072.21,63010.95,63046.9,2322,1694,0
2026-08-15 17:00:00+00:00,63047.89,63050.32,62982.88,63029.8,2402,1694,0
2026-08-15 18:00:00+00:00,63028.77,63111.92,63016.23,63089.15,2240,1694,0
2026-08-15 19:00:00+00:00,63088.03,63113.99,63050.67,63085.58,2051,1694,0
2026-08-15 20:00:00+00:00,63085.37,63092.86,63051.54,63060.28,2361,1694,0
2026-08-15 21:00:00+00:00,63060.39,63103.24,63026.5,63042.64,2443,1694,0
2026-08-15 22:00:00+00:00,63044.37,63114.45,63042.61,63113.3,2434,1694,0
2026-08-15 23:00:00+00:00,63112.95,63114.22,63061.42,63093.73,2039,1694,0
2026-08-16 00:00:00+00:00,63092.6,63155.64,63088.98,63145.97,2484,1694,0
2026-08-16 01:00:00+00:00,63148.11,63164.7,63118.01,63122.57,2250,1694,0
2026-08-16 02:00:00+00:00,63122.89,63131.65,63073.37,63076.45,2340,1694,0
2026-08-16 03:00:00+00:00,63076.45,63076.77,63053.3,63073.38,2096,1694,0
2026-08-16 04:00:00+00:00,63072.67,63074.75,62994.87,63074.75,1730,1694,0
2026-08-16 05:00:00+00:00,63074.19,63144.18,63010.8,63114.11,2371,1694,0
2026-08-16 06:00:00+00:00,63112.75,63120.13,63100.42,63116.56,1881,1694,0
2026-08-16 07:00:00+00:00,63117.77,63145.77,63076.01,63077.56,2065,1694,0
2026-08-16 08:00:00+00:00,63076.96,63086.69,63026.47,63052.65,2045,1694,0
2026-08-16 09:00:00+00:00,63051.95,63075.17,63016.2,63057.84,1787,1694,0
2026-08-16 10:00:00+00:00,63058.97,63058.98,63043.69,63052.42,1852,1694,0
2026-08-16 11:00:00+00:00,63051.3,63065.65,63048.66,63060.19,1884,1694,0
2026-08-16 12:00:00+00:00,63059.28,63060.51,62957.05,62981.13,2023,1694,0
2026-08-16 13:00:00+00:00,62980.34,63004.09,62956.36,62998.26,1825,1694,0
2026-08-16 14:00:00+00:00,62998.76,63004.38,62969.56,63004.38,2000,1694,0
2026-08-16 15:00:00+00:00,63002.9,63015.63,62977.56,63004.98,1905,1694,0
2026-08-16 16:00:00+00:00,63007.33,63058.91,63004.96,63049.26,1830,1694,0
2026-08-16 17:00:00+00:00,63049.03,63092.28,63047.67,63092.27,2909,1694,0
2026-08-16 18:00:00+00:00,63092.91,63136.19,63092.91,63131.19,2091,1694,0
2026-08-16 19:00:00+00:00,63133.23,63380.34,63123.93,63249.73,3143,1694,0
2026-08-16 20:00:00+00:00,63248.97,63267.09,63107.96,63143.48,2499,1694,0
2026-08-16 21:00:00+00:00,63145.28,63166.55,63106.41,63129.71,2033,1694,0
2026-08-16 22:00:00+00:00,63129.57,63220.57,63083.78,63095.37,2436,1694,0
2026-08-16 23:00:00+00:00,63096.1,63132.16,63013.17,63057.54,2311,1694,0
2026-08-17 00:00:00+00:00,63057.8,63076.44,62737.64,62916.71,3735,1694,0
2026-08-17 01:00:00+00:00,62916.64,62946.46,62703.57,62904.23,4052,1694,0
2026-08-17 02:00:00+00:00,62903.97,62985.99,62818.74,62892.49,2994,1694,0
2026-08-17 03:00:00+00:00,62892.5,62947.99,62740.38,62901.91,3873,1694,0
2026-08-17 04:00:00+00:00,62901.22,63236.0,62880.79,63102.68,5426,1694,0
2026-08-17 05:00:00+00:00,63099.04,63491.14,63019.77,63395.05,4755,1694,0
2026-08-17 06:00:00+00:00,63395.43,63511.48,63331.55,63419.93,3016,1694,0
2026-08-17 07:00:00+00:00,63421.71,63581.82,63421.71,63532.62,2831,1694,0
2026-08-17 08:00:00+00:00,63527.5,63586.01,63434.3,63509.96,2636,1694,0
2026-08-17 09:00:00+00:00,63511.36,63714.83,63468.99,63657.92,2896,1694,0
2026-08-17 10:00:00+00:00,63657.96,63661.9,63510.69,63519.71,2888,1694,0
2026-08-17 11:00:00+00:00,63515.61,63544.28,63340.87,63372.7,2671,1694,0
2026-08-17 12:00:00+00:00,63372.79,63420.28,63282.92,63310.94,2372,1694,0
2026-08-17 13:00:00+00:00,63310.95,63688.35,63286.23,63681.89,3494,1694,0
2026-08-17 14:00:00+00:00,63681.83,63775.42,63576.71,63619.49,2813,1694,0
2026-08-17 15:00:00+00:00,63619.49,63674.01,63523.77,63544.9,3321,1694,0
2026-08-17 16:00:00+00:00,63544.89,63794.24,63432.76,63662.33,5494,1694,0
2026-08-17 17:00:00+00:00,63662.38,63894.09,63577.35,63890.32,5233,1694,0
2026-08-17 18:00:00+00:00,63890.3,64221.61,63802.81,64193.65,5540,1694,0
2026-08-17 19:00:00+00:00,64192.84,64207.85,64046.88,64106.67,4595,1694,0
2026-08-17 20:00:00+00:00,64104.52,64420.23,63967.75,64320.73,6220,1694,0
2026-08-17 21:00:00+00:00,64319.35,64610.15,64272.25,64423.47,5215,1694,0
2026-08-17 22:00:00+00:00,64422.93,64422.93,64276.41,64301.25,3272,1694,0
2026-08-17 23:00:00+00:00,64301.26,64431.57,64255.64,64382.49,3179,1694,0
2026-08-18 00:00:00+00:00,64382.96,64426.45,64285.78,64371.8,2958,1694,0
2026-08-18 01:00:00+00:00,64371.9,64410.04,64268.41,64282.7,2421,1694,0
2026-08-18 02:00:00+00:00,64282.93,64569.81,64276.38,64523.9,2717,1694,0
2026-08-18 03:00:00+00:00,64523.9,64560.02,64351.24,64374.44,3199,1694,0
2026-08-18 04:00:00+00:00,64375.74,64379.39,64145.56,64195.61,3093,1694,0
2026-08-18 05:00:00+00:00,64194.91,64267.59,64040.57,64095.25,3372,1694,0
2026-08-18 06:00:00+00:00,64094.64,64183.34,64032.8,64170.94,2795,1694,0
2026-08-18 07:00:00+00:00,64170.16,64239.71,64077.37,64202.8,2536,1694,0
2026-08-18 08:00:00+00:00,64203.36,64267.55,64129.87,64225.57,2844,1694,0
2026-08-18 09:00:00+00:00,64224.93,64443.81,64156.2,64317.04,3138,1694,0
2026-08-18 10:00:00+00:00,64315.72,64348.24,64154.64,64189.04,2825,1694,0
2026-08-18 11:00:00+00:00,64191.51,64330.9,64078.27,64283.55,3029,1694,0
2026-08-18 12:00:00+00:00,64280.91,64280.91,64128.43,64164.51,2444,1694,0
2026-08-18 13:00:00+00:00,64161.65,64212.48,64117.37,64193.97,2320,1694,0
2026-08-18 14:00:00+00:00,64194.88,64393.39,64183.56,64344.8,2643,1694,0
2026-08-18 15:00:00+00:00,64344.11,64346.7,64208.3,64217.25,2466,1694,0
2026-08-18 16:00:00+00:00,64217.27,64280.58,64034.84,64212.56,5018,1694,0
2026-08-18 17:00:00+00:00,64212.42,65053.71,64212.41,64714.13,9130,1694,0
2026-08-18 18:00:00+00:00,64714.13,64885.51,64645.34,64849.2,5319,1694,0
2026-08-18 19:00:00+00:00,64849.4,64886.38,64665.33,64831.62,4008,1694,0
2026-08-18 20:00:00+00:00,64831.58,64833.35,64661.82,64664.14,2939,1694,0
2026-08-18 21:00:00+00:00,64664.15,64819.71,64648.47,64767.95,2507,1694,0
2026-08-18 22:00:00+00:00,64767.94,64793.81,64635.88,64640.66,2491,1694,0
2026-08-18 23:00:00+00:00,64640.71,64652.65,64561.94,64573.85,2589,1694,0
2026-08-19 00:00:00+00:00,64573.78,64651.85,64557.83,64598.81,2484,1694,0
2026-08-19 01:00:00+00:00,64598.83,64645.68,64554.7,64630.01,2533,1694,0
2026-08-19 02:00:00+00:00,64629.41,64779.62,64623.96,64718.27,2381,1694,0
2026-08-19 03:00:00+00:00,64718.89,64729.97,64475.96,64481.17,3357,1694,0
2026-08-19 04:00:00+00:00,64480.96,64538.23,64380.36,64391.49,3495,1694,0
2026-08-19 05:00:00+00:00,64390.32,64409.65,64335.37,64341.19,2927,1694,0
2026-08-19 06:00:00+00:00,64341.14,64409.29,64267.1,64318.87,2777,1694,0
2026-08-19 07:00:00+00:00,64318.0,64385.86,64284.63,64306.03,2338,1694,0
2026-08-19 08:00:00+00:00,64308.87,64403.62,64223.26,64227.85,2539,1694,0
2026-08-19 09:00:00+00:00,64227.46,64338.53,64156.56,64332.83,3046,1694,0
2026-08-19 10:00:00+00:00,64333.71,64390.6,64261.81,64287.75,2873,1694,0
2026-08-19 11:00:00+00:00,64287.72,64503.6,64239.14,64406.02,2883,1694,0
2026-08-19 12:00:00+00:00,64407.07,64466.16,64348.66,64417.39,2443,1694,0
2026-08-19 13:00:00+00:00,64417.28,64451.74,64357.89,64446.85,2292,1694,0
2026-08-19 14:00:00+00:00,64446.79,64527.59,64440.09,64503.34,2639,1694,0
2026-08-19 15:00:00+00:00,64503.0,64976.71,64462.24,64875.68,4731,1694,0
2026-08-19 16:00:00+00:00,64875.65,65214.59,64778.76,65004.58,9411,1694,0
2026-08-19 17:00:00+00:00,65004.42,65965.83,65004.36,65922.69,12038,1694,0
2026-08-19 18:00:00+00:00,65922.67,69651.22,65881.06,68541.95,25893,1694,0
2026-08-19 19:00:00+00:00,68537.26,68977.86,68407.9,68452.96,13008,1694,0
2026-08-19 20:00:00+00:00,68452.94,68527.41,67815.99,68185.75,9627,1694,0
2026-08-19 21:00:00+00:00,68186.31,68445.75,68026.4,68384.46,8295,1694,0
2026-08-19 22:00:00+00:00,68383.93,68476.47,68093.61,68421.48,9233,1694,0
2026-08-19 23:00:00+00:00,68422.14,69576.64,68378.72,69037.46,9049,1694,0
2026-08-20 00:00:00+00:00,69037.46,70035.69,68973.68,69707.73,19643,1694,0
2026-08-20 01:00:00+00:00,69707.69,69835.82,68970.88,69252.84,11969,1694,0
2026-08-20 02:00:00+00:00,69252.84,69452.23,69153.16,69330.01,8862,1694,0
2026-08-20 03:00:00+00:00,69329.97,69782.71,69307.02,69414.85,10309,1694,0
2026-08-20 04:00:00+00:00,69414.88,69882.11,69272.4,69714.67,8949,1694,0
2026-08-20 05:00:00+00:00,69714.67,69815.84,69261.69,69296.92,7753,1694,0
2026-08-20 06:00:00+00:00,69295.65,69337.51,68900.94,69185.77,9503,1694,0
2026-08-20 07:00:00+00:00,69185.8,69595.92,69156.67,69483.31,4862,1694,0
2026-08-20 08:00:00+00:00,69483.41,69661.58,69348.19,69413.22,5848,1694,0
2026-08-20 09:00:00+00:00,69410.26,69921.01,69338.43,69850.17,7051,1694,0
2026-08-20 10:00:00+00:00,69848.58,70011.91,69499.99,69813.37,6914,1694,0
2026-08-20 11:00:00+00:00,69813.32,71804.91,69780.59,71578.88,18827,1694,0
2026-08-20 12:00:00+00:00,71579.53,72063.46,71485.74,71790.29,11393,1694,0
2026-08-20 13:00:00+00:00,71789.94,72479.03,71693.48,71988.31,11280,1694,0
2026-08-20 14:00:00+00:00,71989.64,72315.45,71804.48,71914.25,11019,1694,0
2026-08-20 15:00:00+00:00,71914.19,72004.72,71492.0,71942.63,11828,1694,0
2026-08-20 16:00:00+00:00,71942.65,72091.92,71124.95,71682.04,15451,1694,0
2026-08-20 17:00:00+00:00,71682.03,71982.08,71349.87,71816.91,14769,1694,0
2026-08-20 18:00:00+00:00,71816.91,72821.05,71780.7,72457.49,18474,1694,0
2026-08-20 19:00:00+00:00,72456.56,72902.76,72200.35,72829.66,11486,1694,0
2026-08-20 20:00:00+00:00,72831.19,72956.28,72527.99,72732.74,9706,1694,0
2026-08-20 21:00:00+00:00,72730.46,72806.14,72382.34,72419.14,7996,1694,0
2026-08-20 22:00:00+00:00,72417.81,72765.81,72317.18,72683.04,8009,1694,0
2026-08-20 23:00:00+00:00,72676.03,73065.25,72578.88,72661.45,5809,1694,0
2026-08-21 00:00:00+00:00,72660.56,72836.59,72546.83,72732.9,4171,1694,0
2026-08-21 01:00:00+00:00,72726.01,72869.33,72478.94,72670.83,5135,1694,0
2026-08-21 02:00:00+00:00,72668.23,73396.22,72654.66,73018.52,8611,1694,0
2026-08-21 03:00:00+00:00,73018.53,73982.13,73012.32,73701.55,15151,1694,0
2026-08-21 04:00:00+00:00,73701.52,75766.64,73657.11,75120.23,20535,1694,0
2026-08-21 05:00:00+00:00,75120.29,75181.08,74370.09,74435.06,14356,1694,0
2026-08-21 06:00:00+00:00,74435.08,74874.88,74238.48,74505.79,9649,1694,0
2026-08-21 07:00:00+00:00,74507.67,75044.12,74507.67,75021.61,7528,1694,0
2026-08-21 08:00:00+00:00,75022.13,75492.93,74906.22,75464.53,9832,1694,0
2026-08-21 09:00:00+00:00,75464.56,75731.33,75094.83,75644.24,10995,1694,0
2026-08-21 10:00:00+00:00,75643.87,76903.13,75609.36,76307.08,18011,1694,0
2026-08-21 11:00:00+00:00,76307.09,79510.15,76245.62,79266.18,24937,1694,0
2026-08-21 12:00:00+00:00,79266.17,79353.41,77245.16,77898.84,26864,1694,0
2026-08-21 13:00:00+00:00,77896.87,78240.45,77608.52,77805.17,13678,1694,0
2026-08-21 14:00:00+00:00,77805.2,77855.28,76418.19,76726.62,16789,1694,0
2026-08-21 15:00:00+00:00,76727.25,77468.28,76529.47,77217.28,14384,1694,0
2026-08-21 16:00:00+00:00,77216.69,77697.95,76239.03,77255.54,21032,1694,0
2026-08-21 17:00:00+00:00,77256.13,77436.84,76539.35,77377.06,19237,1694,0
2026-08-21 18:00:00+00:00,77377.06,77863.7,77163.29,77222.83,14233,1694,0
2026-08-21 19:00:00+00:00,77220.39,77548.73,76777.45,77466.16,11396,1694,0
2026-08-21 20:00:00+00:00,77466.19,77706.79,77180.9,77382.28,9435,1694,0
2026-08-21 21:00:00+00:00,77382.64,77535.17,76622.96,77132.33,8279,1694,0
2026-08-21 22:00:00+00:00,77132.62,77347.95,76843.37,77019.02,9966,1694,0
2026-08-21 23:00:00+00:00,77019.02,77533.7,76851.35,77509.08,9986,1694,0
2026-08-22 00:00:00+00:00,77508.36,78667.87,77378.14,78501.61,13753,1694,0
2026-08-22 01:00:00+00:00,78499.31,78751.78,78081.26,78453.59,13861,1694,0
2026-08-22 02:00:00+00:00,78450.97,78715.38,78110.45,78330.08,11388,1694,0
2026-08-22 03:00:00+00:00,78330.75,78496.82,77677.46,77932.46,10896,1694,0
2026-08-22 04:00:00+00:00,77939.55,78225.43,77807.18,77821.97,8384,1694,0
2026-08-22 05:00:00+00:00,77823.31,78532.48,77778.92,78362.37,6889,1694,0
2026-08-22 06:00:00+00:00,78448.28,78823.23,78360.87,78403.02,7827,1694,0
2026-08-22 07:00:00+00:00,78403.67,78810.12,78196.18,78457.14,8712,1694,0
2026-08-22 08:00:00+00:00,78459.99,78583.92,76491.13,77376.71,19432,1694,0
2026-08-22 09:00:00+00:00,77376.67,77561.93,76986.67,77478.06,8933,1694,0
2026-08-22 10:00:00+00:00,77476.92,77660.34,77206.0,77279.48,8066,1694,0
2026-08-22 11:00:00+00:00,77279.5,77435.39,77025.85,77194.29,8038,1694,0
2026-08-22 12:00:00+00:00,77197.28,77379.71,76824.36,77052.65,7041,1694,0
2026-08-22 13:00:00+00:00,77052.56,77181.59,76522.09,76968.89,10430,1694,0
2026-08-22 14:00:00+00:00,76969.03,77197.51,76798.39,77116.22,6139,1694,0
2026-08-22 15:00:00+00:00,77115.84,77372.26,77063.14,77287.88,5790,1694,0
2026-08-22 16:00:00+00:00,77290.6,77360.68,77095.64,77280.71,5160,1694,0
2026-08-22 17:00:00+00:00,77281.01,77305.7,76913.03,76999.6,6196,1694,0
2026-08-22 18:00:00+00:00,76999.63,77098.07,76870.3,76966.34,5385,1694,0
2026-08-22 19:00:00+00:00,76966.74,77547.31,76946.72,77281.49,5804,1694,0
2026-08-22 20:00:00+00:00,77282.57,77363.04,77065.31,77269.58,4540,1694,0
2026-08-22 21:00:00+00:00,77269.6,77349.92,77126.58,77255.63,4120,1694,0
2026-08-22 22:00:00+00:00,77255.62,77462.06,77193.24,77406.78,3994,1694,0
2026-08-22 23:00:00+00:00,77407.54,77456.33,77254.0,77303.73,3269,1694,0
2026-08-23 00:00:00+00:00,77304.0,77304.0,76817.0,76846.48,5313,1694,0
2026-08-23 01:00:00+00:00,76846.11,77145.28,76764.81,76988.76,5141,1694,0
2026-08-23 02:00:00+00:00,76990.46,77121.08,76882.22,77065.93,3494,1694,0
2026-08-23 03:00:00+00:00,77067.48,77350.16,77031.27,77289.56,4375,1694,0
2026-08-23 04:00:00+00:00,77289.51,77395.6,77150.03,77185.66,4291,1694,0
2026-08-23 05:00:00+00:00,77186.29,77212.26,77055.05,77067.8,2878,1694,0
2026-08-23 06:00:00+00:00,77067.84,77136.32,76828.8,76921.95,4070,1694,0
2026-08-23 07:00:00+00:00,76924.7,77031.2,76480.94,76594.13,6730,1694,0
2026-08-23 08:00:00+00:00,76593.04,76732.81,75565.58,76048.05,12271,1694,0
2026-08-23 09:00:00+00:00,76049.49,76351.74,75870.23,76090.05,6310,1694,0
2026-08-23 10:00:00+00:00,76090.23,76340.85,75892.09,75996.69,5057,1694,0
2026-08-23 11:00:00+00:00,76001.51,76648.72,75940.58,76474.49,5560,1694,0
2026-08-23 12:00:00+00:00,76476.31,76632.25,76452.13,76533.74,4137,1694,0
2026-08-23 13:00:00+00:00,76533.74,76913.69,76524.89,76772.44,4739,1694,0
2026-08-23 14:00:00+00:00,76772.25,77385.03,76723.29,77292.69,6598,1694,0
2026-08-23 15:00:00+00:00,77286.74,77297.67,76988.36,77200.98,4224,1694,0
2026-08-23 16:00:00+00:00,77199.56,77756.18,77186.37,77478.9,8259,1694,0
2026-08-23 17:00:00+00:00,77478.93,77634.04,76784.04,77178.84,8567,1694,0
2026-08-23 18:00:00+00:00,77182.69,77326.98,76917.57,77148.85,6250,1694,0
2026-08-23 19:00:00+00:00,77148.84,77462.42,77148.84,77412.75,4307,1694,0
2026-08-23 20:00:00+00:00,77412.67,77437.45,77138.01,77174.35,4838,1694,0
2026-08-23 21:00:00+00:00,77171.57,77398.4,77100.88,77334.88,4334,1694,0
2026-08-23 22:00:00+00:00,77335.93,77477.78,77239.35,77333.67,3582,1694,0
2026-08-23 23:00:00+00:00,77331.93,77451.17,77191.51,77391.54,3302,1694,0
2026-08-24 00:00:00+00:00,77393.87,78038.99,77393.87,77828.11,8183,1694,0
2026-08-24 01:00:00+00:00,77827.87,77975.27,77552.41,77591.38,8441,1694,0
2026-08-24 02:00:00+00:00,77591.39,77822.02,77277.78,77722.64,6730,1694,0
2026-08-24 03:00:00+00:00,77723.11,77736.84,77148.92,77667.74,8499,1694,0
2026-08-24 04:00:00+00:00,77668.29,77710.27,76909.68,76912.29,8944,1694,0
2026-08-24 05:00:00+00:00,76909.71,77539.78,76865.75,77472.73,8999,1694,0
2026-08-24 06:00:00+00:00,77472.71,77523.27,76926.22,76929.97,7509,1694,0
2026-08-24 07:00:00+00:00,76931.05,77242.58,76660.73,76886.36,6494,1694,0
2026-08-24 08:00:00+00:00,76885.01,77223.46,76833.92,77143.85,7194,1694,0
2026-08-24 09:00:00+00:00,77147.68,77521.15,77057.01,77456.49,5950,1694,0
2026-08-24 10:00:00+00:00,77455.8,77779.11,77274.49,77301.67,5154,1694,0
2026-08-24 11:00:00+00:00,77303.65,77410.57,76828.62,77036.51,5393,1694,0
2026-08-24 12:00:00+00:00,77037.54,77584.32,77019.06,77542.61,4473,1694,0
2026-08-24 13:00:00+00:00,77542.88,78013.55,77525.54,77614.56,6102,1694,0
2026-08-24 14:00:00+00:00,77617.14,78591.68,77444.84,78430.7,10130,1694,0
2026-08-24 15:00:00+00:00,78424.27,79313.1,77968.03,79155.0,12182,1694,0
2026-08-24 16:00:00+00:00,79154.98,79421.46,77859.02,78584.13,19707,1694,0
2026-08-24 17:00:00+00:00,78584.75,79832.3,78583.28,79496.79,20087,1694,0
2026-08-24 18:00:00+00:00,79495.62,79990.99,78810.87,79082.45,17944,1694,0
2026-08-24 19:00:00+00:00,79086.73,79855.85,78881.41,79039.58,13664,1694,0
2026-08-24 20:00:00+00:00,79042.3,79189.06,78455.78,78748.02,15705,1694,0
2026-08-24 21:00:00+00:00,78750.38,79078.14,78705.31,78921.78,9771,1694,0
2026-08-24 22:00:00+00:00,78922.38,79106.7,78582.26,78739.86,8977,1694,0
2026-08-24 23:00:00+00:00,78742.45,78985.81,78541.84,78926.19,5528,1694,0
2026-08-25 00:00:00+00:00,78922.14,79039.15,78846.11,78976.41,3669,1694,0
2026-08-25 01:00:00+00:00,78977.09,78981.95,78688.95,78731.62,5167,1694,0
2026-08-25 02:00:00+00:00,78732.86,79000.5,78613.54,78983.74,4960,1694,0
2026-08-25 03:00:00+00:00,78983.13,79879.26,78707.08,79729.96,11038,1694,0
2026-08-25 04:00:00+00:00,79728.34,79972.22,79469.15,79822.95,11375,1694,0
2026-08-25 05:00:00+00:00,79822.87,81264.82,79730.6,80637.46,14725,1694,0
2026-08-25 06:00:00+00:00,80636.04,80942.15,80301.13,80472.32,9749,1694,0
2026-08-25 07:00:00+00:00,80472.36,80598.75,80139.67,80359.67,8045,1694,0
2026-08-25 08:00:00+00:00,80361.81,80810.74,80306.39,80723.56,6692,1694,0
2026-08-25 09:00:00+00:00,80721.02,80909.69,80401.28,80562.94,5273,1694,0
2026-08-25 10:00:00+00:00,80562.92,80802.12,79353.51,79693.44,7644,1694,0
2026-08-25 11:00:00+00:00,79693.19,80239.76,79606.13,79921.81,8121,1694,0
2026-08-25 12:00:00+00:00,79923.37,79946.63,78875.94,79179.86,8432,1694,0
2026-08-25 13:00:00+00:00,79181.89,79475.45,78982.13,79301.22,6385,1694,0
2026-08-25 14:00:00+00:00,79301.03,79448.91,79025.93,79110.68,6509,1694,0
2026-08-25 15:00:00+00:00,79111.42,79164.41,78630.56,78972.84,11052,1694,0
2026-08-25 16:00:00+00:00,78975.86,79216.51,78117.35,78640.84,17288,1694,0
2026-08-25 17:00:00+00:00,78640.85,79368.54,78523.15,79226.93,15895,1694,0
2026-08-25 18:00:00+00:00,79228.89,79522.15,79009.6,79491.23,11405,1694,0
2026-08-25 19:00:00+00:00,79493.72,79559.74,79058.77,79146.02,8578,1694,0
2026-08-25 20:00:00+00:00,79145.01,79250.63,78738.73,79228.13,7646,1694,0
2026-08-25 21:00:00+00:00,79228.1,79345.62,79036.91,79116.94,4914,1694,0
2026-08-25 22:00:00+00:00,79117.63,79223.43,78716.44,78917.04,6091,1694,0
2026-08-25 23:00:00+00:00,78920.57,78967.26,78163.3,78186.86,8573,1694,0
2026-08-26 00:00:00+00:00,78185.34,78654.17,77839.97,78557.48,8787,1694,0
2026-08-26 01:00:00+00:00,78557.47,78992.86,78557.47,78878.43,5339,1694,0
2026-08-26 02:00:00+00:00,78878.96,78964.5,78381.58,78526.27,6236,1694,0
2026-08-26 03:00:00+00:00,78527.37,78703.32,78299.49,78623.72,9923,1694,0
2026-08-26 04:00:00+00:00,78619.98,78949.43,78594.9,78804.73,6839,1694,0
2026-08-26 05:00:00+00:00,78803.98,79230.81,78737.36,79098.76,5156,1694,0
2026-08-26 06:00:00+00:00,79098.52,79173.75,78881.29,79075.63,3864,1694,0
2026-08-26 07:00:00+00:00,79071.3,79185.21,78776.28,78816.79,4610,1694,0
2026-08-26 08:00:00+00:00,78818.78,79126.78,78626.24,79078.46,5350,1694,0
2026-08-26 09:00:00+00:00,79078.51,79197.2,78800.54,78934.29,4379,1694,0
2026-08-26 10:00:00+00:00,78935.49,79084.73,78854.44,78916.73,4430,1694,0
2026-08-26 11:00:00+00:00,78916.73,79107.02,78592.85,78699.46,4982,1694,0
2026-08-26 12:00:00+00:00,78701.27,78869.41,78232.09,78435.53,5928,1694,0
2026-08-26 13:00:00+00:00,78437.35,78869.75,78284.97,78714.46,5015,1694,0
2026-08-26 14:00:00+00:00,78714.46,78774.47,78301.78,78474.05,5188,1694,0
2026-08-26 15:00:00+00:00,78474.04,78699.14,77934.92,78302.13,9514,1694,0
2026-08-26 16:00:00+00:00,78302.53,78545.74,77903.9,78438.16,12218,1694,0
2026-08-26 17:00:00+00:00,78437.76,78597.16,77758.08,77778.24,10348,1694,0
2026-08-26 18:00:00+00:00,77777.19,78157.27,77618.31,78002.86,8413,1694,0
2026-08-26 19:00:00+00:00,78002.71,78159.42,77847.19,77979.44,6993,1694,0
2026-08-26 20:00:00+00:00,77979.81,78600.01,77979.81,78433.52,6791,1694,0
2026-08-26 21:00:00+00:00,78434.48,78645.64,78271.04,78462.34,6242,1694,0
2026-08-26 22:00:00+00:00,78462.65,78562.56,78274.11,78465.11,6631,1694,0
2026-08-26 23:00:00+00:00,78464.56,78517.86,78184.14,78441.92,5902,1694,0
2026-08-27 00:00:00+00:00,78442.57,78836.03,78368.91,78715.45,7433,1694,0
2026-08-27 01:00:00+00:00,78715.66,78973.52,78544.41,78684.31,7905,1694,0
2026-08-27 02:00:00+00:00,78689.32,79160.64,78637.21,79016.61,6331,1694,0
2026-08-27 03:00:00+00:00,79016.75,79021.99,78682.77,78682.77,7264,1694,0
2026-08-27 04:00:00+00:00,78682.81,79012.64,78548.44,78892.05,7202,1694,0
2026-08-27 05:00:00+00:00,78890.27,78971.24,78696.88,78714.66,5351,1694,0
2026-08-27 06:00:00+00:00,78716.2,78981.66,78629.48,78823.44,4473,1694,0
2026-08-27 07:00:00+00:00,78825.06,78890.33,78678.29,78769.2,3353,1694,0
2026-08-27 08:00:00+00:00,78771.02,78920.64,78583.35,78904.95,3692,1694,0
2026-08-27 09:00:00+00:00,78904.89,78904.95,78597.34,78817.92,3959,1694,0
2026-08-27 10:00:00+00:00,78808.66,79088.19,78738.25,79072.45,3625,1694,0
2026-08-27 11:00:00+00:00,79072.17,80016.41,79036.69,79749.34,10186,1694,0
2026-08-27 12:00:00+00:00,79750.64,80521.84,79672.11,79984.63,9602,1694,0
2026-08-27 13:00:00+00:00,79984.21,80153.54,79339.42,79624.39,8332,1694,0
2026-08-27 14:00:00+00:00,79622.91,79767.39,79177.56,79469.06,6249,1694,0
2026-08-27 15:00:00+00:00,79469.44,79585.14,79250.39,79268.28,5382,1694,0
2026-08-27 16:00:00+00:00,79271.55,79562.36,78906.43,79524.87,11030,1694,0
2026-08-27 17:00:00+00:00,79524.62,80384.74,79344.15,80196.0,15059,1694,0
2026-08-27 18:00:00+00:00,80196.51,80792.05,80084.6,80295.52,12170,1694,0
2026-08-27 19:00:00+00:00,80290.55,80613.56,80175.38,80361.42,8628,1694,0
2026-08-27 20:00:00+00:00,80361.61,80843.42,80221.53,80433.29,7903,1694,0
2026-08-27 21:00:00+00:00,80432.07,80432.07,79737.53,80143.73,8430,1694,0
2026-08-27 22:00:00+00:00,80145.56,80284.49,79886.96,79897.98,5430,1694,0
2026-08-27 23:00:00+00:00,79898.83,80112.82,79867.52,80087.65,4697,1694,0
2026-08-28 00:00:00+00:00,80087.9,80179.13,79967.07,80174.49,3967,1694,0
2026-08-28 01:00:00+00:00,80174.96,80423.74,80138.2,80293.75,4570,1694,0
2026-08-28 02:00:00+00:00,80292.97,80385.66,80126.59,80239.81,3883,1694,0
2026-08-28 03:00:00+00:00,80241.81,80696.36,80139.84,80567.06,6034,1694,0
2026-08-28 04:00:00+00:00,80567.01,81445.37,80424.86,80490.32,10414,1694,0
2026-08-28 05:00:00+00:00,80490.02,80493.48,79716.81,79917.93,9424,1694,0
2026-08-28 06:00:00+00:00,79918.27,80044.16,79766.02,79804.18,4839,1694,0
2026-08-28 07:00:00+00:00,79803.37,79962.83,79595.45,79640.07,4712,1694,0
2026-08-28 08:00:00+00:00,79638.08,79864.83,79553.08,79676.92,4224,1694,0
2026-08-28 09:00:00+00:00,79676.46,79991.16,79675.87,79892.49,3285,1694,0
2026-08-28 10:00:00+00:00,79893.02,79893.51,79561.96,79664.45,4162,1694,0
2026-08-28 11:00:00+00:00,79660.32,79839.07,79470.47,79505.18,3922,1694,0
2026-08-28 12:00:00+00:00,79505.46,79509.13,79242.46,79276.06,4243,1694,0
2026-08-28 13:00:00+00:00,79274.7,79567.37,78994.36,79560.05,4522,1694,0
2026-08-28 14:00:00+00:00,79559.94,79761.37,79545.98,79595.29,3871,1694,0
2026-08-28 15:00:00+00:00,79595.4,79716.58,79290.01,79407.26,4009,1694,0
2026-08-28 16:00:00+00:00,79405.85,79541.0,79023.7,79325.06,8612,1694,0
2026-08-28 17:00:00+00:00,79318.04,79700.45,78415.72,79532.14,20390,1694,0
2026-08-28 18:00:00+00:00,79534.27,79825.25,78300.0,78316.25,12051,1694,0
2026-08-28 19:00:00+00:00,78315.11,78389.53,76867.83,77778.71,19402,1694,0
2026-08-28 20:00:00+00:00,77779.22,78116.45,77647.23,77896.46,9785,1694,0
2026-08-28 21:00:00+00:00,77893.27,77926.93,77261.87,77545.15,8061,1694,0
2026-08-28 22:00:00+00:00,77545.94,77789.67,77374.84,77565.91,6814,1694,0
2026-08-28 23:00:00+00:00,77569.97,77603.28,77302.53,77401.77,5264,1694,0
2026-08-29 00:00:00+00:00,77399.51,77527.63,77246.87,77356.98,4346,1694,0
2026-08-29 01:00:00+00:00,77358.45,77766.35,77332.58,77750.58,4263,1694,0
2026-08-29 02:00:00+00:00,77750.62,77836.64,77632.04,77834.78,3280,1694,0
2026-08-29 03:00:00+00:00,77834.75,77942.74,77715.32,77725.27,3458,1694,0
2026-08-29 04:00:00+00:00,77725.51,77841.64,77623.69,77792.39,2876,1694,0
2026-08-29 05:00:00+00:00,77792.52,77822.91,77573.28,77660.72,3014,1694,0
2026-08-29 06:00:00+00:00,77660.44,77725.51,77497.39,77497.67,2908,1694,0
2026-08-29 07:00:00+00:00,77500.93,77669.84,77500.93,77640.2,2431,1694,0
2026-08-29 08:00:00+00:00,77640.09,77708.12,77594.33,77625.3,2443,1694,0
2026-08-29 09:00:00+00:00,77625.24,77633.54,77372.74,77455.05,2792,1694,0
2026-08-29 10:00:00+00:00,77454.3,77664.07,77425.81,77617.1,3094,1694,0
2026-08-29 11:00:00+00:00,77617.51,77631.37,77475.81,77627.12,2570,1694,0
2026-08-29 12:00:00+00:00,77628.09,77750.14,77555.61,77638.67,2451,1694,0
2026-08-29 13:00:00+00:00,77640.62,77719.43,77516.31,77628.22,2505,1694,0
2026-08-29 14:00:00+00:00,77627.5,77721.53,77559.48,77576.31,2382,1694,0
2026-08-29 15:00:00+00:00,77583.38,77652.29,77499.72,77576.5,2244,1694,0
2026-08-29 16:00:00+00:00,77576.37,77716.4,77557.64,77690.89,2429,1694,0
2026-08-29 17:00:00+00:00,77690.97,78148.71,77648.06,78002.76,3906,1694,0
2026-08-29 18:00:00+00:00,78003.08,78007.08,77796.85,77848.38,3784,1694,0
2026-08-29 19:00:00+00:00,77848.6,78120.55,77840.41,78016.57,4269,1694,0
2026-08-29 20:00:00+00:00,78016.61,78093.52,77889.06,78089.81,3640,1694,0
2026-08-29 21:00:00+00:00,78089.74,78245.62,78007.74,78149.33,3400,1694,0
2026-08-29 22:00:00+00:00,78149.47,78325.12,78128.4,78175.46,3239,1694,0
2026-08-29 23:00:00+00:00,78175.51,78290.65,78101.98,78114.49,3116,1694,0
2026-08-30 00:00:00+00:00,78114.42,78191.88,78047.96,78155.28,3091,1694,0
2026-08-30 01:00:00+00:00,78155.18,78231.39,78073.11,78213.75,2370,1694,0
2026-08-30 02:00:00+00:00,78216.04,78273.46,78180.7,78226.12,2399,1694,0
2026-08-30 03:00:00+00:00,78226.39,78319.93,78138.36,78170.51,3348,1694,0
2026-08-30 04:00:00+00:00,78170.63,78181.54,77977.79,78069.73,2878,1694,0
2026-08-30 05:00:00+00:00,78070.94,78170.29,78001.97,78095.77,2957,1694,0
2026-08-30 06:00:00+00:00,78095.89,78225.43,78047.45,78131.73,2831,1694,0
2026-08-30 07:00:00+00:00,78130.01,78214.89,77977.25,78105.36,2559,1694,0
2026-08-30 08:00:00+00:00,78103.72,78213.96,78101.8,78128.92,2319,1694,0
2026-08-30 09:00:00+00:00,78129.31,78306.53,78102.78,78274.49,2407,1694,0
2026-08-30 10:00:00+00:00,78275.86,78286.53,78096.47,78105.08,2182,1694,0
2026-08-30 11:00:00+00:00,78105.12,78197.08,78025.09,78066.37,2392,1694,0
2026-08-30 12:00:00+00:00,78066.89,78112.88,77976.91,77988.48,2244,1694,0
2026-08-30 13:00:00+00:00,77984.13,78139.9,77955.1,78136.62,2351,1694,0
2026-08-30 14:00:00+00:00,78136.63,78233.75,78104.5,78162.3,2583,1694,0
2026-08-30 15:00:00+00:00,78161.37,78846.75,78161.37,78782.66,6258,1694,0
2026-08-30 16:00:00+00:00,78779.64,78958.3,78577.91,78850.74,5092,1694,0
2026-08-30 17:00:00+00:00,78850.77,78939.12,78711.42,78771.97,3972,1694,0
2026-08-30 18:00:00+00:00,78770.57,78902.98,78620.45,78817.97,4088,1694,0
2026-08-30 19:00:00+00:00,78817.97,79392.38,78739.86,79329.92,8323,1694,0
2026-08-30 20:00:00+00:00,79328.35,79332.48,78764.79,79012.87,5986,1694,0
2026-08-30 21:00:00+00:00,79012.68,79170.9,78767.37,79028.4,4451,1694,0
2026-08-30 22:00:00+00:00,79028.48,79035.96,78713.96,78849.08,3728,1694,0
2026-08-30 23:00:00+00:00,78849.39,78922.53,78429.59,78585.12,4908,1694,0
2026-08-31 00:00:00+00:00,78585.09,78727.06,78221.43,78653.63,6879,1694,0
2026-08-31 01:00:00+00:00,78653.62,78798.98,78267.03,78418.01,7281,1694,0
2026-08-31 02:00:00+00:00,78417.67,78443.94,76997.44,77670.47,13860,1694,0
2026-08-31 03:00:00+00:00,77666.98,78175.56,77423.61,77927.13,8374,1694,0
2026-08-31 04:00:00+00:00,77927.36,77990.06,77556.48,77636.11,8708,1694,0
2026-08-31 05:00:00+00:00,77636.06,78000.51,77376.52,77460.53,6828,1694,0
2026-08-31 06:00:00+00:00,77464.37,77863.04,77381.73,77745.98,4994,1694,0
2026-08-31 07:00:00+00:00,77746.12,77762.47,77447.69,77611.9,4764,1694,0
2026-08-31 08:00:00+00:00,77611.96,78151.45,77502.08,78004.44,6020,1694,0
2026-08-31 09:00:00+00:00,78004.63,78140.36,77852.52,78068.84,4792,1694,0
2026-08-31 10:00:00+00:00,78068.33,78306.65,78026.3,78187.86,4494,1694,0
2026-08-31 11:00:00+00:00,78190.91,78502.79,77970.64,78457.68,5703,1694,0
2026-08-31 12:00:00+00:00,78457.72,78793.31,78377.24,78508.17,5863,1694,0
2026-08-31 13:00:00+00:00,78507.38,78715.45,78306.97,78699.46,4426,1694,0
2026-08-31 14:00:00+00:00,78701.03,78702.48,78287.51,78306.52,3893,1694,0
2026-08-31 15:00:00+00:00,78306.83,78535.77,77687.81,77925.66,8183,1694,0
2026-08-31 16:00:00+00:00,77925.72,78276.49,77715.49,77854.08,12514,1694,0
2026-08-31 17:00:00+00:00,77854.23,78673.29,77739.53,78569.03,14375,1694,0
2026-08-31 18:00:00+00:00,78564.66,78762.94,78202.08,78571.21,10456,1694,0
2026-08-31 19:00:00+00:00,78571.62,78876.68,78505.84,78630.97,8115,1694,0
2026-08-31 20:00:00+00:00,78627.64,78999.13,78481.5,78891.15,7387,1694,0
2026-08-31 21:00:00+00:00,78890.57,79208.83,78770.59,79008.21,6661,1694,0
2026-08-31 22:00:00+00:00,79008.22,79246.98,78841.7,78889.57,6735,1694,0
2026-08-31 23:00:00+00:00,78889.55,79164.1,78777.38,78854.07,5512,1694,0
2026-09-01 00:00:00+00:00,78854.06,79061.58,78719.35,78950.91,5029,1694,0
2026-09-01 01:00:00+00:00,78946.0,79005.81,78567.8,78581.17,3836,1694,0
2026-09-01 02:00:00+00:00,78579.88,78582.42,78392.54,78572.63,3502,1694,0
2026-09-01 03:00:00+00:00,78571.81,78889.54,78551.68,78645.04,4270,1694,0
2026-09-01 04:00:00+00:00,78640.82,78789.54,78365.03,78398.54,4995,1694,0
2026-09-01 05:00:00+00:00,78398.43,78449.99,78175.62,78443.69,4609,1694,0
2026-09-01 06:00:00+00:00,78443.77,78868.66,78393.36,78672.66,4712,1694,0
2026-09-01 07:00:00+00:00,78677.83,78917.92,78645.4,78723.93,3817,1694,0
2026-09-01 08:00:00+00:00,78723.99,79210.13,78722.94,79166.4,4721,1694,0
2026-09-01 09:00:00+00:00,79165.47,79165.47,78724.2,78726.58,3426,1694,0
2026-09-01 10:00:00+00:00,78726.03,78796.41,78489.86,78623.01,3807,1694,0
2026-09-01 11:00:00+00:00,78623.14,78648.07,77811.27,77873.25,7330,1694,0
2026-09-01 12:00:00+00:00,77873.22,78048.28,77761.94,77906.05,4779,1694,0
2026-09-01 13:00:00+00:00,77905.15,78184.92,77743.17,78016.39,4421,1694,0
2026-09-01 14:00:00+00:00,78016.4,78193.85,77877.48,78087.5,4414,1694,0
2026-09-01 15:00:00+00:00,78086.32,78147.61,77728.2,77992.92,6340,1694,0
2026-09-01 16:00:00+00:00,77992.15,78192.63,77500.87,78068.64,13012,1694,0
2026-09-01 17:00:00+00:00,78071.45,78414.86,78041.68,78160.02,9473,1694,0
2026-09-01 18:00:00+00:00,78159.07,78159.75,77714.63,77903.15,7620,1694,0
2026-09-01 19:00:00+00:00,77903.55,77968.07,77310.4,77582.23,9767,1694,0
2026-09-01 20:00:00+00:00,77582.18,77713.07,77225.95,77258.98,7242,1694,0
2026-09-01 21:00:00+00:00,77259.54,77313.99,76408.0,77142.08,11591,1694,0
2026-09-01 22:00:00+00:00,77142.04,77456.51,77097.78,77301.75,7883,1694,0
2026-09-01 23:00:00+00:00,77306.32,77465.8,77223.38,77438.72,4601,1694,0
2026-09-02 00:00:00+00:00,77438.73,77511.11,76906.79,77203.81,5641,1694,0
2026-09-02 01:00:00+00:00,77200.0,77357.26,77013.7,77263.03,4171,1694,0
2026-09-02 02:00:00+00:00,77262.08,77624.62,77204.72,77426.34,4392,1694,0
2026-09-02 03:00:00+00:00,77429.34,77508.3,77118.59,77202.55,4711,1694,0
2026-09-02 04:00:00+00:00,77201.1,77364.95,76705.88,77006.87,7015,1694,0
2026-09-02 05:00:00+00:00,77006.04,77334.76,76938.31,77316.54,5864,1694,0
2026-09-02 06:00:00+00:00,77317.17,77782.5,77298.35,77554.19,5578,1694,0
2026-09-02 07:00:00+00:00,77554.42,77602.61,77285.5,77549.36,3530,1694,0
2026-09-02 08:00:00+00:00,77550.41,77758.01,77425.45,77646.68,4459,1694,0
2026-09-02 09:00:00+00:00,77647.77,77715.87,77454.29,77603.82,3791,1694,0
2026-09-02 10:00:00+00:00,77605.73,77757.01,77468.84,77471.47,3464,1694,0
2026-09-02 11:00:00+00:00,77471.48,77543.5,76735.74,76845.61,5674,1694,0
2026-09-02 12:00:00+00:00,76845.19,77047.09,76476.06,76741.73,7166,1694,0
2026-09-02 13:00:00+00:00,76743.09,76750.68,76252.63,76671.63,6526,1694,0
2026-09-02 14:00:00+00:00,76670.78,76835.74,76342.81,76818.67,6758,1694,0
2026-09-02 15:00:00+00:00,76818.36,77045.27,76601.39,76602.97,5851,1694,0
2026-09-02 16:00:00+00:00,76602.96,77438.29,76602.96,77141.54,10731,1694,0
2026-09-02 17:00:00+00:00,77142.81,77485.01,77001.31,77058.8,10091,1694,0
2026-09-02 18:00:00+00:00,77058.97,77383.27,76736.82,77282.89,10193,1694,0
2026-09-02 19:00:00+00:00,77283.72,77570.46,77165.23,77165.23,6035,1694,0
2026-09-02 20:00:00+00:00,77165.18,77399.1,76946.07,77377.24,5303,1694,0
2026-09-02 21:00:00+00:00,77375.67,77520.17,77284.14,77368.31,4586,1694,0
2026-09-02 22:00:00+00:00,77367.98,77411.61,77113.69,77333.62,4846,1694,0
2026-09-02 23:00:00+00:00,77334.12,77513.86,77199.35,77394.55,5385,1694,0
2026-09-03 00:00:00+00:00,77394.24,77424.02,77232.59,77277.85,4454,1694,0
2026-09-03 01:00:00+00:00,77277.58,77277.58,77011.94,77024.16,3645,1694,0
2026-09-03 02:00:00+00:00,77026.24,77366.54,76999.63,77331.39,3654,1694,0
2026-09-03 03:00:00+00:00,77331.36,77383.67,76970.44,77058.12,4900,1694,0
2026-09-03 04:00:00+00:00,77057.3,77533.41,76955.6,77343.83,6514,1694,0
2026-09-03 05:00:00+00:00,77343.53,77892.62,77226.1,77805.58,6481,1694,0
2026-09-03 06:00:00+00:00,77807.38,77875.32,77627.69,77696.3,3903,1694,0
2026-09-03 07:00:00+00:00,77695.92,77821.64,77537.88,77768.61,3625,1694,0
2026-09-03 08:00:00+00:00,77770.57,77821.74,77096.07,77803.05,6957,1694,0
2026-09-03 09:00:00+00:00,77803.38,77845.24,77681.36,77822.38,4472,1694,0
2026-09-03 10:00:00+00:00,77820.93,78168.71,77581.63,77648.88,6698,1694,0
2026-09-03 11:00:00+00:00,77648.86,78055.44,77648.86,77832.97,5935,1694,0
2026-09-03 12:00:00+00:00,77832.99,77968.02,77599.7,77603.21,4365,1694,0
2026-09-03 13:00:00+00:00,77603.1,77766.38,77465.83,77729.74,4936,1694,0
2026-09-03 14:00:00+00:00,77729.29,77998.02,77698.61,77934.02,5115,1694,0
2026-09-03 15:00:00+00:00,77934.0,78777.35,77882.38,78642.02,8171,1694,0
2026-09-03 16:00:00+00:00,78641.49,78990.34,78440.28,78832.43,10598,1694,0
2026-09-03 17:00:00+00:00,78830.8,80559.32,78692.9,80541.53,17468,1694,0
2026-09-03 18:00:00+00:00,80541.29,81361.12,80344.87,81342.45,17462,1694,0
2026-09-03 19:00:00+00:00,81342.46,81356.71,80606.06,80959.54,12815,1694,0
2026-09-03 20:00:00+00:00,80956.05,81180.84,80873.39,81042.91,9178,1694,0
2026-09-03 21:00:00+00:00,81042.9,81328.18,80895.52,81247.52,7787,1694,0
2026-09-03 22:00:00+00:00,81247.22,81788.55,81165.31,81747.69,9374,1694,0
2026-09-03 23:00:00+00:00,81747.27,81777.37,81379.59,81456.41,7722,1694,0
2026-09-04 00:00:00+00:00,81456.51,82270.8,81281.53,81578.02,8653,1694,0
2026-09-04 01:00:00+00:00,81577.28,81599.94,80894.66,81134.07,7890,1694,0
2026-09-04 02:00:00+00:00,81132.98,81332.04,81070.0,81255.45,6032,1694,0
2026-09-04 03:00:00+00:00,81255.4,81422.76,80951.62,80961.06,7137,1694,0
2026-09-04 04:00:00+00:00,80961.09,81093.12,80757.52,80961.52,6470,1694,0
2026-09-04 05:00:00+00:00,80963.69,80963.69,80660.4,80826.73,5125,1694,0
2026-09-04 06:00:00+00:00,80827.81,81012.95,80791.8,80833.17,4390,1694,0
2026-09-04 07:00:00+00:00,80832.65,81277.36,80800.67,81062.59,4636,1694,0
2026-09-04 08:00:00+00:00,81061.12,81134.04,80847.58,80984.31,4495,1694,0
2026-09-04 09:00:00+00:00,80982.99,81080.6,80572.02,80793.79,4791,1694,0
2026-09-04 10:00:00+00:00,80794.14,80957.89,80627.78,80644.17,4978,1694,0
2026-09-04 11:00:00+00:00,80645.18,81230.56,80496.29,81136.4,6314,1694,0
2026-09-04 12:00:00+00:00,81137.37,81301.31,80921.57,81045.32,6969,1694,0
2026-09-04 13:00:00+00:00,81045.33,81183.98,80817.06,81174.85,5905,1694,0
2026-09-04 14:00:00+00:00,81175.32,81401.64,81068.8,81215.28,5734,1694,0
2026-09-04 15:00:00+00:00,81215.69,81342.51,79166.92,79447.47,16249,1694,0
2026-09-04 16:00:00+00:00,79448.62,79701.71,78975.36,79371.64,15517,1694,0
2026-09-04 17:00:00+00:00,79371.68,79566.91,78637.57,78902.54,14348,1694,0
2026-09-04 18:00:00+00:00,78902.61,79547.36,78783.41,79417.36,9069,1694,0
2026-09-04 19:00:00+00:00,79417.58,79867.53,79370.2,79736.34,7678,1694,0
2026-09-04 20:00:00+00:00,79742.09,79751.56,79374.02,79461.02,6339,1694,0
2026-09-04 21:00:00+00:00,79461.4,79648.88,79461.4,79609.59,4784,1694,0
2026-09-04 22:00:00+00:00,79609.7,79809.53,79608.14,79790.19,4989,1694,0
2026-09-04 23:00:00+00:00,79780.21,79856.02,79653.89,79689.29,3773,1694,0
2026-09-05 00:00:00+00:00,79687.74,79808.31,79506.25,79618.51,4125,1694,0
2026-09-05 01:00:00+00:00,79622.74,79708.71,79608.75,79623.45,2702,1694,0
2026-09-05 02:00:00+00:00,79620.79,79755.42,79582.52,79652.15,2825,1694,0
2026-09-05 03:00:00+00:00,79650.19,79710.98,79550.9,79566.39,2728,1694,0
2026-09-05 04:00:00+00:00,79567.29,79704.39,79527.87,79527.87,3312,1694,0
2026-09-05 05:00:00+00:00,79523.75,79613.14,79466.82,79560.92,2474,1694,0
2026-09-05 06:00:00+00:00,79560.93,79622.98,79504.15,79574.25,2370,1694,0
2026-09-05 07:00:00+00:00,79576.37,79584.97,79490.13,79492.42,2236,1694,0
2026-09-05 08:00:00+00:00,79492.38,79594.35,79436.22,79570.69,2425,1694,0
2026-09-05 09:00:00+00:00,79570.82,79709.81,79567.32,79641.29,2258,1694,0
2026-09-05 10:00:00+00:00,79641.29,79765.96,79627.26,79703.92,2150,1694,0
2026-09-05 11:00:00+00:00,79705.17,79720.03,79559.01,79640.66,2316,1694,0
2026-09-05 12:00:00+00:00,79640.84,79728.53,79603.65,79622.61,2058,1694,0
2026-09-05 13:00:00+00:00,79622.69,79661.38,79580.87,79611.28,2214,1694,0
2026-09-05 14:00:00+00:00,79611.36,79676.25,79597.13,79601.97,2061,1694,0
2026-09-05 15:00:00+00:00,79600.25,79765.34,79600.25,79699.92,2327,1694,0
2026-09-05 16:00:00+00:00,79700.12,79753.91,79536.19,79605.86,2674,1694,0
2026-09-05 17:00:00+00:00,79605.89,79747.1,79605.38,79711.68,2280,1694,0
2026-09-05 18:00:00+00:00,79711.63,79806.93,79671.7,79793.33,2444,1694,0
2026-09-05 19:00:00+00:00,79792.62,80191.24,79744.5,80033.91,3561,1694,0
2026-09-05 20:00:00+00:00,80033.87,80153.56,79962.77,80058.22,4634,1694,0
2026-09-05 21:00:00+00:00,80059.69,80075.5,79921.03,79991.51,2992,1694,0
2026-09-05 22:00:00+00:00,79989.09,79989.09,79699.53,79743.73,3092,1694,0
2026-09-05 23:00:00+00:00,79744.88,79831.85,79679.44,79730.17,3384,1694,0
2026-09-06 00:00:00+00:00,79730.12,79931.01,79716.72,79900.52,3219,1694,0
2026-09-06 01:00:00+00:00,79900.83,79937.96,79744.19,79785.02,3086,1694,0
2026-09-06 02:00:00+00:00,79778.19,79893.67,79700.33,79821.04,2587,1694,0
2026-09-06 03:00:00+00:00,79821.03,79935.32,79819.27,79862.39,2585,1694,0
2026-09-06 04:00:00+00:00,79862.44,80055.4,79860.02,79945.29,2982,1694,0
2026-09-06 05:00:00+00:00,79946.07,80011.06,79862.29,79899.26,3287,1694,0
2026-09-06 06:00:00+00:00,79898.67,80101.16,79885.82,80023.37,2485,1694,0
2026-09-06 07:00:00+00:00,80021.68,80023.36,79845.38,79858.56,2345,1694,0
2026-09-06 08:00:00+00:00,79858.76,80104.49,79783.48,79979.0,2905,1694,0
2026-09-06 09:00:00+00:00,79979.74,79985.51,79680.95,79774.5,2794,1694,0
2026-09-06 10:00:00+00:00,79773.8,79858.72,79564.03,79799.06,3514,1694,0
2026-09-06 11:00:00+00:00,79800.57,79891.04,79752.66,79836.17,2539,1694,0
2026-09-06 12:00:00+00:00,79836.46,79987.47,79795.81,79878.63,2864,1694,0
2026-09-06 13:00:00+00:00,79878.21,80016.61,79877.61,79993.5,2408,1694,0
2026-09-06 14:00:00+00:00,79993.68,79996.0,79885.18,79911.96,2670,1694,0
2026-09-06 15:00:00+00:00,79911.96,80004.75,79852.42,79914.83,2863,1694,0
2026-09-06 16:00:00+00:00,79914.72,79963.51,79752.52,79821.34,2967,1694,0
2026-09-06 17:00:00+00:00,79821.39,79836.09,79210.91,79537.33,5398,1694,0
2026-09-06 18:00:00+00:00,79537.36,79719.92,79375.34,79706.95,4245,1694,0
2026-09-06 19:00:00+00:00,79706.24,79778.14,79595.37,79678.0,3294,1694,0
2026-09-06 20:00:00+00:00,79677.99,79767.67,79576.07,79737.71,3270,1694,0
2026-09-06 21:00:00+00:00,79738.16,79964.23,79736.7,79941.48,2757,1694,0
2026-09-06 22:00:00+00:00,79937.07,79939.39,79790.59,79820.07,2436,1694,0
2026-09-06 23:00:00+00:00,79819.82,79966.1,79767.3,79900.67,2469,1694,0
2026-09-07 00:00:00+00:00,79901.33,80024.01,79862.15,79935.24,3747,1694,0
2026-09-07 01:00:00+00:00,79935.27,80085.68,79635.77,80043.47,4577,1694,0
2026-09-07 02:00:00+00:00,80043.65,80554.3,80001.85,80335.45,6291,1694,0
2026-09-07 03:00:00+00:00,80336.19,80438.44,80049.47,80151.18,6242,1694,0
2026-09-07 04:00:00+00:00,80151.61,80230.41,79816.77,79919.57,5285,1694,0
2026-09-07 05:00:00+00:00,79921.17,80421.61,79786.47,79867.49,5646,1694,0
2026-09-07 06:00:00+00:00,79867.98,79977.74,79561.56,79586.41,4772,1694,0
2026-09-07 07:00:00+00:00,79585.85,79722.78,79532.9,79715.64,4023,1694,0
2026-09-07 08:00:00+00:00,79714.64,79916.12,79656.48,79745.59,3508,1694,0
2026-09-07 09:00:00+00:00,79744.77,79816.65,79649.02,79649.57,2884,1694,0
2026-09-07 10:00:00+00:00,79651.22,79685.47,78994.15,79387.06,6248,1694,0
2026-09-07 11:00:00+00:00,79387.05,79525.64,79383.12,79423.43,3180,1694,0
2026-09-07 12:00:00+00:00,79425.21,79540.95,79284.24,79306.36,3055,1694,0
2026-09-07 13:00:00+00:00,79306.43,79449.63,79306.06,79354.09,2782,1694,0
2026-09-07 14:00:00+00:00,79351.87,79474.69,79264.1,79408.79,2752,1694,0
2026-09-07 15:00:00+00:00,79408.81,79619.74,79391.76,79595.47,3124,1694,0
2026-09-07 16:00:00+00:00,79593.26,79638.64,79305.3,79345.51,4227,1694,0
2026-09-07 17:00:00+00:00,79345.56,79389.21,78952.6,79186.08,6259,1694,0
2026-09-07 18:00:00+00:00,79185.3,79186.73,78672.9,78813.25,6464,1694,0
2026-09-07 19:00:00+00:00,78813.05,79026.0,78798.44,79019.65,4236,1694,0
2026-09-07 20:00:00+00:00,79019.97,79212.06,79007.03,79179.71,3454,1694,0
2026-09-07 21:00:00+00:00,79178.98,79237.46,79083.2,79187.25,2749,1694,0
2026-09-07 22:00:00+00:00,79187.09,79406.95,79142.2,79357.0,2674,1694,0
2026-09-07 23:00:00+00:00,79357.02,79387.19,79163.46,79230.63,2868,1694,0
2026-09-08 00:00:00+00:00,79230.44,79269.48,79153.78,79156.78,3218,1694,0
2026-09-08 01:00:00+00:00,79156.77,79212.71,78783.34,78942.6,4761,1694,0
2026-09-08 02:00:00+00:00,78940.48,79203.69,78926.63,79103.41,4130,1694,0
2026-09-08 03:00:00+00:00,79102.33,79307.1,78963.02,79307.07,4925,1694,0
2026-09-08 04:00:00+00:00,79307.2,79458.46,79256.44,79430.63,4722,1694,0
2026-09-08 05:00:00+00:00,79430.67,79481.19,78925.08,78925.38,4512,1694,0
2026-09-08 06:00:00+00:00,78925.33,78998.85,78719.68,78899.2,4963,1694,0
2026-09-08 07:00:00+00:00,78899.23,78926.9,78671.57,78673.68,3503,1694,0
2026-09-08 08:00:00+00:00,78673.38,78872.39,78545.96,78573.13,5739,1694,0
2026-09-08 09:00:00+00:00,78573.68,78625.45,78243.3,78313.85,6613,1694,0
2026-09-08 10:00:00+00:00,78314.88,78597.56,78173.54,78474.26,5018,1694,0
2026-09-08 11:00:00+00:00,78473.02,78575.44,78279.19,78407.2,4558,1694,0
2026-09-08 12:00:00+00:00,78407.15,78792.72,78325.31,78753.37,3909,1694,0
2026-09-08 13:00:00+00:00,78751.39,78986.06,78556.98,78557.03,3566,1694,0
2026-09-08 14:00:00+00:00,78557.23,78568.39,78282.21,78419.07,4207,1694,0
2026-09-08 15:00:00+00:00,78419.2,78471.62,78210.61,78440.86,4563,1694,0
2026-09-08 16:00:00+00:00,78443.29,78537.18,77622.71,77956.68,11146,1694,0
2026-09-08 17:00:00+00:00,77956.87,78614.31,77852.26,78558.59,10361,1694,0
2026-09-08 18:00:00+00:00,78558.58,78904.26,78441.14,78892.98,7185,1694,0
2026-09-08 19:00:00+00:00,78898.51,78965.9,78568.27,78722.89,6576,1694,0
2026-09-08 20:00:00+00:00,78724.76,78883.5,78488.67,78494.43,5592,1694,0
2026-09-08 21:00:00+00:00,78494.12,78813.07,78261.56,78429.04,6049,1694,0
2026-09-08 22:00:00+00:00,78429.06,78523.12,78306.64,78436.62,8143,1694,0
2026-09-08 23:00:00+00:00,78436.62,78612.74,78402.06,78477.69,5279,1694,0
2026-09-09 00:00:00+00:00,78479.47,78611.34,78396.96,78483.35,4084,1694,0
2026-09-09 01:00:00+00:00,78483.39,78652.91,78444.32,78551.23,4603,1694,0
2026-09-09 02:00:00+00:00,78552.02,78567.42,78395.28,78447.22,3379,1694,0
2026-09-09 03:00:00+00:00,78447.27,78785.33,78442.54,78763.71,4036,1694,0
2026-09-09 04:00:00+00:00,78762.27,78883.58,78624.81,78880.33,5107,1694,0
2026-09-09 05:00:00+00:00,78880.31,78919.17,78675.21,78717.05,4979,1694,0
2026-09-09 06:00:00+00:00,78717.01,78717.05,78542.28,78626.07,3884,1694,0
2026-09-09 07:00:00+00:00,78628.59,79210.12,78626.09,79163.8,5765,1694,0
2026-09-09 08:00:00+00:00,79163.84,79362.21,78828.66,78916.7,5331,1694,0
2026-09-09 09:00:00+00:00,78920.78,79280.93,78853.57,79153.82,3955,1694,0
2026-09-09 10:00:00+00:00,79153.81,79390.03,79144.48,79269.43,4405,1694,0
2026-09-09 11:00:00+00:00,79269.48,79754.61,79251.05,79689.92,5068,1694,0
2026-09-09 12:00:00+00:00,79689.96,79708.07,78891.22,78943.68,4930,1694,0
2026-09-09 13:00:00+00:00,78944.86,79175.64,78865.96,78910.84,4824,1694,0
2026-09-09 14:00:00+00:00,78912.56,79370.47,78733.24,79312.69,5404,1694,0
2026-09-09 15:00:00+00:00,79312.67,79654.5,79274.61,79596.46,5252,1694,0
2026-09-09 16:00:00+00:00,79595.56,79673.32,79097.49,79136.46,9511,1694,0
2026-09-09 17:00:00+00:00,79134.17,79406.78,78872.21,78955.37,11134,1694,0
2026-09-09 18:00:00+00:00,78955.5,79388.6,78053.81,78591.91,14541,1694,0
2026-09-09 19:00:00+00:00,78591.9,78908.44,78452.73,78792.96,6918,1694,0
2026-09-09 20:00:00+00:00,78792.48,78919.83,78658.59,78762.91,5230,1694,0
2026-09-09 21:00:00+00:00,78762.9,78781.65,78402.31,78405.41,3980,1694,0
2026-09-09 22:00:00+00:00,78405.21,78571.09,78144.27,78226.98,5431,1694,0
2026-09-09 23:00:00+00:00,78224.25,78330.91,77924.57,78312.88,6189,1694,0
2026-09-10 00:00:00+00:00,78312.85,78332.2,77987.32,78135.95,4893,1694,0
2026-09-10 01:00:00+00:00,78139.39,78187.52,77756.47,77914.02,6428,1694,0
2026-09-10 02:00:00+00:00,77914.0,78303.76,77908.8,78290.79,4073,1694,0
2026-09-10 03:00:00+00:00,78290.86,78373.83,78085.09,78168.61,5301,1694,0
2026-09-10 04:00:00+00:00,78167.38,78500.14,77940.47,78086.25,6752,1694,0
2026-09-10 05:00:00+00:00,78086.29,78365.9,77963.87,78346.77,4875,1694,0
2026-09-10 06:00:00+00:00,78348.01,78536.45,78265.88,78321.74,3874,1694,0
2026-09-10 07:00:00+00:00,78317.65,78433.72,78293.08,78392.87,2902,1694,0
2026-09-10 08:00:00+00:00,78392.86,78549.13,78253.15,78526.8,3473,1694,0
2026-09-10 09:00:00+00:00,78526.25,78533.52,78148.95,78411.1,4286,1694,0
2026-09-10 10:00:00+00:00,78413.15,78416.43,77904.07,78096.99,4486,1694,0
2026-09-10 11:00:00+00:00,78096.95,78164.47,78027.82,78102.08,3843,1694,0
2026-09-10 12:00:00+00:00,78102.22,78221.43,77908.71,77985.44,3434,1694,0
2026-09-10 13:00:00+00:00,77984.07,78038.08,77813.22,77853.99,3723,1694,0
2026-09-10 14:00:00+00:00,77851.94,78047.53,77685.58,77834.51,4956,1694,0
2026-09-10 15:00:00+00:00,77833.92,77957.96,76673.21,76890.8,12608,1694,0
2026-09-10 16:00:00+00:00,76890.79,77239.65,76735.0,77165.67,12576,1694,0
2026-09-10 17:00:00+00:00,77166.14,77418.18,76947.06,77405.7,9959,1694,0
2026-09-10 18:00:00+00:00,77404.78,77405.55,77082.43,77240.46,6337,1694,0
2026-09-10 19:00:00+00:00,77244.39,77307.98,76794.61,77195.28,8054,1694,0
2026-09-10 20:00:00+00:00,77194.53,77537.1,77118.03,77317.44,6287,1694,0
2026-09-10 21:00:00+00:00,77317.37,77335.29,76977.44,77243.26,5057,1694,0
2026-09-10 22:00:00+00:00,77243.27,77290.76,77072.88,77153.9,5040,1694,0
2026-09-10 23:00:00+00:00,77154.95,77341.9,77099.96,77259.68,5419,1694,0
2026-09-11 00:00:00+00:00,77258.69,77293.23,77095.03,77139.65,3867,1694,0
2026-09-11 01:00:00+00:00,77138.04,77210.25,76811.64,76825.36,4737,1694,0
2026-09-11 02:00:00+00:00,76825.37,76871.25,76454.99,76563.13,7735,1694,0
2026-09-11 03:00:00+00:00,76562.75,76928.37,76552.78,76900.42,6330,1694,0
2026-09-11 04:00:00+00:00,76899.34,76995.77,76650.47,76965.86,5243,1694,0
2026-09-11 05:00:00+00:00,76965.88,77009.68,76759.88,76831.88,4643,1694,0
2026-09-11 06:00:00+00:00,76832.45,76889.18,76694.02,76882.47,4422,1694,0
2026-09-11 07:00:00+00:00,76882.46,77187.02,76874.92,77103.54,4039,1694,0
2026-09-11 08:00:00+00:00,77103.56,77250.27,77056.67,77246.3,3305,1694,0
2026-09-11 09:00:00+00:00,77246.31,77425.3,77170.91,77293.45,3571,1694,0
2026-09-11 10:00:00+00:00,77291.55,77399.75,77196.34,77225.41,3065,1694,0
2026-09-11 11:00:00+00:00,77224.81,77491.5,77132.41,77354.52,3921,1694,0
2026-09-11 12:00:00+00:00,77354.37,77363.15,76856.52,77031.63,4116,1694,0
2026-09-11 13:00:00+00:00,77031.65,77158.36,76956.39,76988.03,3984,1694,0
2026-09-11 14:00:00+00:00,76987.74,77038.91,76739.49,77028.38,4832,1694,0
2026-09-11 15:00:00+00:00,77027.87,78141.76,76037.16,78019.01,16887,1694,0
2026-09-11 16:00:00+00:00,78016.87,79324.92,77248.51,79237.52,18011,1694,0
2026-09-11 17:00:00+00:00,79237.47,79885.28,78497.74,78788.75,18344,1694,0
2026-09-11 18:00:00+00:00,78789.24,78838.57,77307.68,77719.75,12211,1694,0
2026-09-11 19:00:00+00:00,77719.8,78057.8,77380.82,77906.22,12192,1694,0
2026-09-11 20:00:00+00:00,77905.77,77951.96,77481.44,77523.31,6759,1694,0
2026-09-11 21:00:00+00:00,77522.6,77530.77,76869.06,77044.1,8998,1694,0
2026-09-11 22:00:00+00:00,77044.14,77365.02,76993.1,77271.92,6072,1694,0
2026-09-11 23:00:00+00:00,77274.34,77484.58,77184.73,77325.66,4700,1694,0
2026-09-12 00:00:00+00:00,77325.65,77416.18,77067.56,77101.18,4198,1694,0
2026-09-12 01:00:00+00:00,77098.86,77226.85,76957.54,77139.74,5201,1694,0
2026-09-12 02:00:00+00:00,77134.98,77216.1,77108.72,77213.87,3480,1694,0
2026-09-12 03:00:00+00:00,77212.86,77312.43,77197.4,77277.78,3123,1694,0
2026-09-12 04:00:00+00:00,77279.35,77369.61,77249.11,77258.83,4401,1694,0
2026-09-12 05:00:00+00:00,77258.84,77313.93,77206.2,77279.3,3240,1694,0
2026-09-12 06:00:00+00:00,77277.65,77338.58,77224.57,77263.03,2471,1694,0
2026-09-12 07:00:00+00:00,77262.3,77311.35,77213.24,77217.0,2929,1694,0
2026-09-12 08:00:00+00:00,77217.01,77252.84,77154.75,77209.44,2448,1694,0
2026-09-12 09:00:00+00:00,77207.67,77350.96,77195.45,77284.61,2197,1694,0
2026-09-12 10:00:00+00:00,77285.87,77342.76,77251.14,77265.4,2045,1694,0
2026-09-12 11:00:00+00:00,77267.37,77365.72,77262.42,77351.68,2360,1694,0
2026-09-12 12:00:00+00:00,77350.07,77376.63,77321.62,77343.35,2309,1694,0
2026-09-12 13:00:00+00:00,77342.7,77391.4,77302.03,77323.23,2328,1694,0
2026-09-12 14:00:00+00:00,77323.54,77351.26,77281.14,77350.49,2719,1694,0
2026-09-12 15:00:00+00:00,77350.76,77354.3,77280.07,77323.39,2717,1694,0
2026-09-12 16:00:00+00:00,77323.37,77394.43,77243.56,77362.59,2995,1694,0
2026-09-12 17:00:00+00:00,77364.32,77500.2,77358.81,77453.47,2364,1694,0
2026-09-12 18:00:00+00:00,77456.34,77476.53,77363.26,77374.87,2031,1694,0
2026-09-12 19:00:00+00:00,77373.46,77411.98,77330.07,77351.03,2257,1694,0
2026-09-12 20:00:00+00:00,77351.04,77394.86,77161.96,77203.11,2161,1694,0
2026-09-12 21:00:00+00:00,77202.72,77209.78,77108.49,77131.58,2273,1694,0
2026-09-12 22:00:00+00:00,77131.58,77179.58,77051.0,77114.18,2429,1694,0
2026-09-12 23:00:00+00:00,77114.21,77215.03,77114.21,77160.97,2234,1694,0
2026-09-13 00:00:00+00:00,77160.98,77265.86,77135.55,77252.67,2728,1694,0
2026-09-13 01:00:00+00:00,77251.73,77295.91,77182.87,77223.6,3602,1694,0
2026-09-13 02:00:00+00:00,77224.98,77288.21,77223.44,77274.86,2525,1694,0
2026-09-13 03:00:00+00:00,77274.92,77296.18,77157.38,77265.82,2791,1694,0
2026-09-13 04:00:00+00:00,77265.8,77335.21,77234.16,77309.84,2242,1694,0
2026-09-13 05:00:00+00:00,77310.0,77310.45,77235.07,77284.17,1593,1694,0
2026-09-13 06:00:00+00:00,77285.29,77310.0,77175.33,77184.66,2145,1694,0
2026-09-13 07:00:00+00:00,77186.3,77252.46,77186.3,77202.98,2081,1694,0
2026-09-13 08:00:00+00:00,77203.59,77313.91,77202.14,77305.87,1910,1694,0
2026-09-13 09:00:00+00:00,77308.1,77314.5,77048.77,77114.85,2206,1694,0
2026-09-13 10:00:00+00:00,77113.43,77172.08,77086.02,77118.72,2345,1694,0
2026-09-13 11:00:00+00:00,77118.61,77174.33,76744.3,76805.08,4501,1694,0
2026-09-13 12:00:00+00:00,76805.09,76892.44,76558.08,76794.98,5357,1694,0
2026-09-13 13:00:00+00:00,76794.94,76806.64,76624.3,76670.34,3315,1694,0
2026-09-13 14:00:00+00:00,76670.37,76794.4,76493.47,76775.84,5126,1694,0
2026-09-13 15:00:00+00:00,76775.84,76858.45,76680.8,76750.95,4032,1694,0
2026-09-13 16:00:00+00:00,76751.02,76914.73,76546.34,76841.4,3989,1694,0
2026-09-13 17:00:00+00:00,76841.41,77245.64,76841.28,77203.34,4199,1694,0
2026-09-13 18:00:00+00:00,77203.33,77203.87,77009.85,77126.18,4216,1694,0
2026-09-13 19:00:00+00:00,77126.19,77356.79,77121.76,77271.85,4498,1694,0
2026-09-13 20:00:00+00:00,77271.84,77407.5,77234.69,77320.47,3973,1694,0
2026-09-13 21:00:00+00:00,77320.32,77375.81,77299.91,77335.89,3373,1694,0
2026-09-13 22:00:00+00:00,77334.01,77404.93,77218.0,77273.56,2876,1694,0
2026-09-13 23:00:00+00:00,77273.84,77364.18,77250.11,77339.67,2702,1694,0
2026-09-14 00:00:00+00:00,77339.62,77442.9,77302.08,77304.21,4271,1694,0
2026-09-14 01:00:00+00:00,77301.24,77301.24,76655.92,76712.21,9225,1694,0
2026-09-14 02:00:00+00:00,76711.8,76864.87,76622.63,76828.49,5307,1694,0
2026-09-14 03:00:00+00:00,76826.72,77071.12,76372.7,76795.2,7148,1694,0
2026-09-14 04:00:00+00:00,76795.24,77157.85,76628.21,77104.17,6351,1694,0
2026-09-14 05:00:00+00:00,77104.18,77715.11,77007.27,77590.98,7128,1694,0
2026-09-14 06:00:00+00:00,77590.99,77858.98,77494.47,77588.44,5655,1694,0
2026-09-14 07:00:00+00:00,77589.69,77695.06,77524.71,77673.07,4599,1694,0
2026-09-14 08:00:00+00:00,77675.64,77681.5,77483.92,77602.97,3454,1694,0
2026-09-14 09:00:00+00:00,77602.96,77887.32,77369.73,77587.11,4490,1694,0
2026-09-14 10:00:00+00:00,77588.46,77882.33,77516.88,77882.09,4326,1694,0
2026-09-14 11:00:00+00:00,77882.15,77985.66,77646.44,77729.44,5528,1694,0
2026-09-14 12:00:00+00:00,77730.1,78365.51,77588.0,78135.3,6475,1694,0
2026-09-14 13:00:00+00:00,78135.38,78163.29,77891.1,77894.17,5538,1694,0
2026-09-14 14:00:00+00:00,77894.2,77918.11,77684.46,77769.18,5399,1694,0
2026-09-14 15:00:00+00:00,77769.67,78073.93,77600.75,77690.45,7230,1694,0
2026-09-14 16:00:00+00:00,77688.91,78487.88,77467.5,78166.61,12877,1694,0
2026-09-14 17:00:00+00:00,78165.56,78702.59,78155.6,78514.96,12040,1694,0
2026-09-14 18:00:00+00:00,78514.92,78680.83,78295.58,78570.87,10902,1694,0
2026-09-14 19:00:00+00:00,78570.27,78899.11,78418.89,78761.18,8610,1694,0
2026-09-14 20:00:00+00:00,78759.81,79048.23,78698.03,78936.89,6007,1694,0
2026-09-14 21:00:00+00:00,78937.52,79318.55,78831.02,79212.28,7282,1694,0
2026-09-14 22:00:00+00:00,79212.36,79231.25,78949.46,78977.27,6217,1694,0
2026-09-14 23:00:00+00:00,78979.02,79595.91,78967.86,79092.21,7284,1694,0
2026-09-15 00:00:00+00:00,79093.85,79108.7,78739.7,78756.44,6136,1694,0
2026-09-15 01:00:00+00:00,78755.94,78846.57,78499.66,78547.29,4831,1694,0
2026-09-15 02:00:00+00:00,78547.16,78566.82,78123.08,78187.08,4517,1694,0
2026-09-15 03:00:00+00:00,78187.1,78248.65,77927.12,77944.63,5248,1694,0
2026-09-15 04:00:00+00:00,77944.72,78066.91,77738.28,77904.33,7188,1694,0
2026-09-15 05:00:00+00:00,77904.67,78012.01,77767.11,77898.37,4692,1694,0
2026-09-15 06:00:00+00:00,77899.53,77899.53,77638.6,77670.06,3884,1694,0
2026-09-15 07:00:00+00:00,77669.68,77735.82,77533.51,77562.03,3783,1694,0
2026-09-15 08:00:00+00:00,77561.79,77661.83,77295.05,77621.65,5009,1694,0
2026-09-15 09:00:00+00:00,77621.69,77720.01,77181.61,77275.84,4057,1694,0
2026-09-15 10:00:00+00:00,77274.93,77300.59,76872.92,76919.49,4621,1694,0
2026-09-15 11:00:00+00:00,76919.85,76992.34,76694.29,76986.04,5091,1694,0
2026-09-15 12:00:00+00:00,76985.96,77050.47,76854.4,76967.2,4494,1694,0
2026-09-15 13:00:00+00:00,76968.91,77165.64,76861.8,77044.97,4272,1694,0
2026-09-15 14:00:00+00:00,77042.57,77208.33,76826.47,76918.64,3897,1694,0
2026-09-15 15:00:00+00:00,76918.66,77125.04,76844.11,76943.36,4439,1694,0
2026-09-15 16:00:00+00:00,76942.97,77116.63,76116.22,76607.57,12430,1694,0
2026-09-15 17:00:00+00:00,76607.62,76686.27,75590.06,75932.45,15748,1694,0
2026-09-15 18:00:00+00:00,75932.43,76593.93,75817.07,76498.74,11255,1694,0
2026-09-15 19:00:00+00:00,76498.75,76567.91,76260.11,76376.43,7393,1694,0
2026-09-15 20:00:00+00:00,76376.46,77340.0,76185.79,76953.26,9598,1694,0
2026-09-15 21:00:00+00:00,76953.19,77195.15,74932.32,75978.58,21052,1694,0
2026-09-15 22:00:00+00:00,75983.18,76299.62,75799.91,76176.36,14030,1694,0
2026-09-15 23:00:00+00:00,76176.34,76236.27,75600.98,75925.66,7272,1694,0
2026-09-16 00:00:00+00:00,75925.66,75954.19,75384.69,75441.88,5810,1694,0
2026-09-16 01:00:00+00:00,75441.85,75737.85,75128.26,75657.7,8014,1694,0
2026-09-16 02:00:00+00:00,75655.66,75935.02,75557.97,75634.62,5935,1694,0
2026-09-16 03:00:00+00:00,75634.3,75905.83,75570.61,75763.19,6035,1694,0
2026-09-16 04:00:00+00:00,75763.06,75953.85,75454.24,75485.78,6642,1694,0
2026-09-16 05:00:00+00:00,75485.87,76100.85,75474.55,75874.58,5606,1694,0
2026-09-16 06:00:00+00:00,75873.71,76072.0,75757.87,75813.55,4649,1694,0
2026-09-16 07:00:00+00:00,75814.0,76015.03,75798.39,75855.41,5368,1694,0
2026-09-16 08:00:00+00:00,75855.42,75971.31,75668.59,75954.68,5232,1694,0
2026-09-16 09:00:00+00:00,75954.66,76027.05,75815.72,76025.14,3881,1694,0
2026-09-16 10:00:00+00:00,76025.01,76092.51,75725.38,75758.18,4597,1694,0
2026-09-16 11:00:00+00:00,75755.84,75755.84,75341.95,75727.17,5046,1694,0
2026-09-16 12:00:00+00:00,75727.95,75985.21,75720.54,75984.29,3767,1694,0
2026-09-16 13:00:00+00:00,75982.31,76037.44,75890.26,75984.32,2889,1694,0
2026-09-16 14:00:00+00:00,75979.88,76300.53,75871.71,76241.45,4807,1694,0
2026-09-16 15:00:00+00:00,76241.49,76296.17,75784.87,75960.59,4952,1694,0
2026-09-16 16:00:00+00:00,75960.57,75960.57,75576.64,75644.31,9994,1694,0
2026-09-16 17:00:00+00:00,75643.94,75822.9,75420.91,75688.16,9651,1694,0
2026-09-16 18:00:00+00:00,75688.87,75948.65,75542.6,75780.72,9349,1694,0
2026-09-16 19:00:00+00:00,75782.94,75879.31,75638.7,75758.0,5872,1694,0
2026-09-16 20:00:00+00:00,75757.54,75911.0,75346.31,75725.56,7035,1694,0
2026-09-16 21:00:00+00:00,75722.99,76549.97,75043.48,75624.09,27392,1694,0
2026-09-16 22:00:00+00:00,75625.19,76171.77,75245.32,76070.32,16218,1694,0
2026-09-16 23:00:00+00:00,76067.89,76409.05,76013.8,76168.18,6320,1694,0
2026-09-17 00:00:00+00:00,76168.87,76209.76,75916.2,75958.62,3665,1694,0
2026-09-17 01:00:00+00:00,75963.09,75977.9,75630.12,75668.23,4710,1694,0
2026-09-17 02:00:00+00:00,75669.08,76264.92,75633.11,76198.31,5850,1694,0
2026-09-17 03:00:00+00:00,76198.77,76494.35,76175.08,76326.78,7054,1694,0
2026-09-17 04:00:00+00:00,76326.74,76766.21,76211.14,76360.48,7861,1694,0
2026-09-17 05:00:00+00:00,76363.16,76477.16,76039.06,76364.12,5664,1694,0
2026-09-17 06:00:00+00:00,76365.41,76525.62,76365.41,76432.73,4517,1694,0
2026-09-17 07:00:00+00:00,76432.79,76581.15,76174.35,76531.58,3865,1694,0
2026-09-17 08:00:00+00:00,76523.99,76624.31,76305.05,76323.82,4327,1694,0
2026-09-17 09:00:00+00:00,76323.84,76594.31,76299.07,76470.77,4008,1694,0
2026-09-17 10:00:00+00:00,76470.87,76677.86,76412.75,76455.12,4436,1694,0
2026-09-17 11:00:00+00:00,76455.16,76587.48,76384.29,76569.28,4118,1694,0
2026-09-17 12:00:00+00:00,76569.02,76767.28,76461.42,76462.43,3935,1694,0
2026-09-17 13:00:00+00:00,76464.01,76465.48,76257.17,76394.36,3484,1694,0
2026-09-17 14:00:00+00:00,76395.44,76482.58,76162.56,76473.22,3689,1694,0
2026-09-17 15:00:00+00:00,76470.73,77155.92,76398.03,76726.33,8749,1694,0
2026-09-17 16:00:00+00:00,76724.66,76877.81,76001.33,76684.95,10691,1694,0
2026-09-17 17:00:00+00:00,76698.38,77062.31,76377.63,76492.64,11937,1694,0
2026-09-17 18:00:00+00:00,76492.46,76853.86,76258.48,76771.94,8896,1694,0
2026-09-17 19:00:00+00:00,76771.93,76806.16,76522.16,76746.18,7126,1694,0
2026-09-17 20:00:00+00:00,76746.18,76961.22,76568.25,76660.12,6864,1694,0
2026-09-17 21:00:00+00:00,76660.35,76777.56,76459.52,76563.76,5209,1694,0
2026-09-17 22:00:00+00:00,76563.45,76670.39,76493.23,76583.78,4052,1694,0
2026-09-17 23:00:00+00:00,76583.83,76725.44,76485.37,76548.42,3121,1694,0
2026-09-18 00:00:00+00:00,76549.18,76609.18,76388.24,76401.09,2727,1694,0
2026-09-18 01:00:00+00:00,76402.66,76451.54,76244.71,76412.73,3445,1694,0
2026-09-18 02:00:00+00:00,76413.13,76503.06,76375.5,76413.4,2868,1694,0
2026-09-18 03:00:00+00:00,76412.73,76582.57,76281.65,76579.14,3689,1694,0
2026-09-18 04:00:00+00:00,76579.42,76758.46,76510.23,76732.45,5970,1694,0
2026-09-18 05:00:00+00:00,76732.46,77030.84,76632.79,76972.9,4723,1694,0
2026-09-18 06:00:00+00:00,76973.73,77589.72,76968.53,77373.9,6929,1694,0
2026-09-18 07:00:00+00:00,77374.33,77561.72,77209.36,77561.72,5176,1694,0
2026-09-18 08:00:00+00:00,77562.78,77705.78,77430.7,77483.59,5643,1694,0
2026-09-18 09:00:00+00:00,77482.97,77669.33,77395.01,77590.7,4662,1694,0
2026-09-18 10:00:00+00:00,77590.38,77840.66,77556.19,77790.59,6306,1694,0
2026-09-18 11:00:00+00:00,77792.04,78266.13,77649.51,78256.28,6211,1694,0
2026-09-18 12:00:00+00:00,78249.88,78473.94,78004.01,78200.74,6858,1694,0
2026-09-18 13:00:00+00:00,78204.25,78360.08,78096.71,78274.11,4111,1694,0
2026-09-18 14:00:00+00:00,78274.1,78436.72,78015.57,78054.33,5626,1694,0
2026-09-18 15:00:00+00:00,78054.3,78176.38,77974.94,78036.84,4761,1694,0
2026-09-18 16:00:00+00:00,78036.81,80500.93,77963.04,80067.4,14445,1694,0
2026-09-18 17:00:00+00:00,80067.43,80981.93,80064.56,80938.36,18343,1694,0
2026-09-18 18:00:00+00:00,80941.76,81152.68,80498.89,80719.33,11724,1694,0
2026-09-18 19:00:00+00:00,80721.29,81254.12,80658.66,80838.56,10767,1694,0
2026-09-18 20:00:00+00:00,80840.11,81008.95,80566.82,81008.94,7524,1694,0
2026-09-18 21:00:00+00:00,81008.88,81075.17,80798.08,81075.17,4555,1694,0
